#airframe_info, log_version="1.03", log_content_version="1.02", Product="GIFD", airframe_name="Cirrus SR22 Turbo", unit_software_part_number="006-B1177-C2", unit_software_version="21.70", system_software_part_number="006-B2647-N9", system_id="26038F7A8", mode=NORMAL, flightstream_header="26038F7A8_20260323_094616", 
#yyy-mm-dd, hh:mm:ss,   hh:mm,  ident,      degrees,      degrees,      ft,  inch,  ft msl, deg C,     kt,     kt,     fpm,    deg,    deg,      G,      G,   deg,   deg, volts, volts,  amps,   gals,   gals,      gph,   deg F,     psi,     Hg,    rpm,       %,   deg F,   deg F,   deg F,   deg F,   deg F,   deg F,   deg F,   deg F,   deg F,   deg F,   deg F,   deg F,   deg F,   deg F,  ft lbs,       %,   deg C,      gph,     Hg,    rpm,  ft lbs,       %,   deg C,  ft wgs,  kt, enum,    deg,    MHz,    MHz,     MHz,     MHz,    fsd,    fsd,     kt,    deg,     nm,    deg,    deg,   bool,  enum,   enum,   deg,   deg,   fpm,   enum,   mt,    mt,     mt,    mt,     mt
  Lcl Date, Lcl Time, UTCOfst, AtvWpt,     Latitude,    Longitude,  AltInd, BaroA,  AltMSL,   OAT,    IAS, GndSpd,    VSpd,  Pitch,   Roll,  LatAc, NormAc,   HDG,   TRK, volt1, volt2,  amp1,  FQtyL,  FQtyR, E1 FFlow, E1 OilT, E1 OilP, E1 MAP, E1 RPM, E1 %Pwr, E1 CHT1, E1 CHT2, E1 CHT3, E1 CHT4, E1 CHT5, E1 CHT6, E1 EGT1, E1 EGT2, E1 EGT3, E1 EGT4, E1 EGT5, E1 EGT6, E1 TIT1, E1 TIT2, E1 Torq,   E1 NG,  E1 ITT, E2 FFlow, E2 MAP, E2 RPM, E2 Torq,   E2 NG,  E2 ITT,  AltGPS, TAS, HSIS,    CRS,   NAV1,   NAV2,    COM1,    COM2,   HCDI,   VCDI, WndSpd,  WndDr, WptDst, WptBrg, MagVar, AfcsOn, RollM, PitchM, RollC, PichC, VSpdG, GPSfix,  HAL,   VAL, HPLwas, HPLfd, VPLwas
2026-03-23, 09:46:15,  -07:00,       ,             ,             ,   168.7, 30.14,        ,  30.8,   0.00,       ,  -28.70,       ,       ,       ,       ,      ,      ,  24.7,  24.1,  -4.7,  32.64,  33.41,     0.20,  169.01,    0.26,  29.91,    1.1,    0.00,  240.11,  232.51,  224.96,  230.16,  223.22,  218.39,  276.13,  286.62,  237.27,  248.97,  234.05,  220.75,  407.66,  382.05,        ,        ,        ,         ,       ,       ,        ,        ,        ,        ,   0,  GPS,    2.3, 108.70, 108.70, 127.200, 122.800,       ,       ,       ,       ,       ,       ,   -6.8,      0,  NONE,   NONE,      ,      ,      , NoSoln, 3704,      ,       ,      ,       
2026-03-23, 09:46:17,  -07:00,       ,             ,             ,   167.7, 30.14,        ,  30.8,   0.00,       ,  -31.62,       ,       ,       ,       ,      ,      ,  24.8,  24.1,  -4.8,  31.42,  32.52,     0.49,  168.04,    0.21,  29.88,    0.1,    0.00,  240.04,  232.45,  224.92,  230.10,  223.18,  218.33,  276.04,  286.18,  237.24,  248.68,  233.70,  220.36,  407.85,  383.07,        ,        ,        ,         ,       ,       ,        ,        ,        ,        ,   0,  GPS,    2.3, 108.70, 108.70, 127.200, 122.800,       ,       ,       ,       ,       ,       ,   -6.8,      0,  NONE,   NONE,      ,      ,      , NoSoln, 3704,      ,       ,      ,       
2026-03-23, 09:46:18,  -07:00,       ,             ,             ,   167.7, 30.14,        ,  30.8,   0.00,       ,  -31.99,       ,       ,       ,       ,      ,      ,  23.9,  23.5,  -4.9,  30.30,  31.63,     0.52,  166.96,    0.60,  29.99,    0.0,   -0.00,  239.97,  232.39,  224.87,  230.02,  223.12,  218.26,  273.42,  285.79,  238.27,  249.19,  234.42,  220.13,  406.75,  384.00,        ,        ,        ,         ,       ,       ,        ,        ,        ,        ,   0,  GPS,    2.3, 108.70, 108.70, 127.200, 122.800,       ,       ,       ,       ,       ,       ,   -6.8,      0,  NONE,   NONE,      ,      ,      , NoSoln, 3704,      ,       ,      ,       
2026-03-23, 09:46:19,  -07:00,       ,             ,             ,   167.7, 30.14,        ,  30.8,   0.00,       ,  -32.00,       ,       ,       ,       ,      ,      ,  23.4,  22.8,  -5.1,  29.42,  30.81,     0.42,  166.03,    2.13,  29.91,   90.8,    0.00,  239.89,  232.31,  224.81,  229.95,  223.05,  218.21,  275.86,  288.59,  234.77,  248.24,  237.05,  219.11,  407.34,  380.84,        ,        ,        ,         ,       ,       ,        ,        ,        ,        ,   0,  GPS,    2.3, 108.70, 108.70, 127.200, 122.800,       ,       ,       ,       ,       ,       ,   -6.8,      0,  NONE,   NONE,      ,      ,      , NoSoln, 3704,      ,       ,      ,       
2026-03-23, 09:46:20,  -07:00,       ,             ,             ,   164.7, 30.14,        ,  30.8,   0.00,       ,  -54.64,       ,       ,       ,       ,      ,      ,  23.5,  22.9,  -5.3,  28.72,  29.98,     6.29,  165.12,   19.70,  26.45, 1010.2,    0.18,  239.81,  232.26,  224.77,  229.88,  223.00,  218.16,  340.38,  332.62,  243.26,  297.52,  306.38,  275.72,  437.96,  418.87,        ,        ,        ,         ,       ,       ,        ,        ,        ,        ,   0,  GPS,    2.3, 108.70, 108.70, 127.200, 122.800,       ,       ,       ,       ,       ,       ,   -6.8,      0,  NONE,   NONE,      ,      ,      , NoSoln, 3704,      ,       ,      ,       
2026-03-23, 09:46:21,  -07:00,       ,             ,             ,   173.7, 30.14,        ,  30.8,   0.00,       ,   91.42,       ,       ,       ,       ,      ,      ,  23.9,  23.2,  -5.4,  28.01,  29.24,     5.09,  164.24,   32.52,  18.70, 1145.5,    0.16,  239.74,  232.19,  224.69,  229.82,  222.98,  218.08,  402.76,  385.97,  337.56,  375.32,  364.53,  343.35,  476.15,  487.26,        ,        ,        ,         ,       ,       ,        ,        ,        ,        ,   0,  GPS,    2.3, 108.70, 108.70, 127.200, 122.800,       ,       ,       ,       ,       ,       ,   -6.8,      0,  NONE,   NONE,      ,      ,      , NoSoln, 3704,      ,       ,      ,       
2026-03-23, 09:46:22,  -07:00,       ,             ,             ,   172.7, 30.14,        ,  30.8,   0.00,       ,  114.59,       ,       ,       ,       ,      ,      ,  24.3,  23.6,  -4.7,  27.26,  28.60,     4.53,  164.08,   36.72,  17.97, 1174.8,    0.14,  239.67,  232.15,  224.66,  229.75,  223.00,  218.05,  449.02,  464.90,  401.61,  459.45,  436.85,  434.83,  536.28,  533.14,        ,        ,        ,         ,       ,       ,        ,        ,        ,        ,   0,  GPS,    2.3, 108.70, 108.70, 127.200, 122.800,       ,       ,       ,       ,       ,       ,   -6.8,      0,  NONE,   NONE,      ,      ,      , NoSoln, 3704,      ,       ,      ,       
2026-03-23, 09:46:23,  -07:00,       ,             ,             ,   172.7, 30.14,        ,  30.8,   0.00,       ,   64.09,       ,       ,       ,       ,      ,      ,  25.0,  24.5,  -0.6,  26.65,  27.99,     4.35,  164.52,   39.27,  17.12, 1216.1,    0.15,  239.60,  232.12,  224.61,  229.69,  223.07,  218.04,  518.59,  548.02,  508.74,  539.69,  532.94,  525.40,  593.36,  613.06,        ,        ,        ,         ,       ,       ,        ,        ,        ,        ,   0,  GPS,    2.3, 108.70, 108.70, 127.200, 122.800,       ,       ,       ,       ,       ,       ,   -6.8,      0,  NONE,   NONE,      ,      ,      , NoSoln, 3704,      ,       ,      ,       
2026-03-23, 09:46:24,  -07:00,       ,             ,             ,   171.7, 30.14,        ,  30.8,   0.00,       ,    6.27,       ,       ,       ,       ,      ,      ,  25.7,  25.5,   2.5,  26.15,  27.35,     4.31,  165.58,   40.32,  16.68, 1282.1,    0.15,  239.53,  232.11,  224.61,  229.64,  223.17,  218.07,  587.16,  617.98,  586.39,  619.31,  608.81,  608.31,  645.13,  674.04,        ,        ,        ,         ,       ,       ,        ,        ,        ,        ,   0,  GPS,    2.3, 108.70, 108.70, 127.200, 122.800,       ,       ,       ,       ,       ,       ,   -6.8,      0,  NONE,   NONE,      ,      ,      , NoSoln, 3704,      ,       ,      ,       
2026-03-23, 09:46:25,  -07:00,       ,             ,             ,   172.7, 30.14,        ,  30.8,   0.00,       ,   10.29,       ,       ,       ,       ,      ,      ,  26.1,  26.2,   4.6,  25.57,  26.85,     4.26,  166.84,   40.93,  16.12, 1291.5,    0.15,  239.48,  232.15,  224.64,  229.60,  223.36,  218.13,  651.33,  680.01,  665.52,  671.99,  679.46,  673.14,  685.33,  734.18,        ,        ,        ,         ,       ,       ,        ,        ,        ,        ,   0,  GPS,    2.3, 108.70, 108.70, 127.200, 122.800,       ,       ,       ,       ,       ,       ,   -6.8,      0,  NONE,   NONE,      ,      ,      , NoSoln, 3704,      ,       ,      ,       
2026-03-23, 09:46:26,  -07:00,       ,             ,             ,   173.7, 30.14,        ,  30.8,   0.00,       ,   19.03,       ,       ,       ,       ,      ,      ,  26.5,  26.8,   6.2,  25.05,  26.31,     4.06,  168.32,   40.78,  15.19, 1260.1,    0.13,  239.43,  232.18,  224.70,  229.58,  223.59,  218.22,  697.59,  733.98,  723.23,  719.91,  739.05,  725.78,  719.68,  771.72,        ,        ,        ,         ,       ,       ,        ,        ,        ,        ,   0,  GPS,    2.3, 108.70, 108.70, 127.200, 122.800,       ,       ,       ,       ,       ,       ,   -6.8,      0,  NONE,   NONE,      ,      ,      , NoSoln, 3704,      ,       ,      ,       
2026-03-23, 09:46:27,  -07:00,       ,             ,             ,   171.7, 30.14,        ,  30.8,   0.00,       ,  -16.89,       ,       ,       ,       ,      ,      ,  26.8,  27.2,   7.3,  24.59,  25.87,     3.76,  169.89,   39.91,  14.74, 1205.3,    0.11,  239.41,  232.26,  224.80,  229.57,  223.87,  218.36,  737.73,  771.79,  763.85,  753.27,  779.04,  763.01,  740.05,  796.23,        ,        ,        ,         ,       ,       ,        ,        ,        ,        ,   0,  GPS,    2.3, 108.70, 108.70, 127.200, 122.800,       ,       ,       ,       ,       ,       ,   -6.8,      0,  NONE,   NONE,      ,      ,      , NoSoln, 3704,      ,       ,      ,       
2026-03-23, 09:46:28,  -07:00,       ,             ,             ,   170.7, 30.14,        ,  30.8,   0.00,       ,  -60.16,       ,       ,       ,       ,      ,      ,  27.0,  27.5,   8.1,  24.23,  25.47,     3.59,  171.35,   39.32,  14.82, 1189.1,    0.11,  239.37,  232.36,  224.93,  229.58,  224.19,  218.53,  770.97,  802.86,  795.84,  778.96,  814.57,  793.51,  755.96,  814.83,        ,        ,        ,         ,       ,       ,        ,        ,        ,        ,   0,  GPS,    2.3, 108.70, 108.70, 127.200, 122.800,       ,       ,       ,       ,       ,       ,   -6.8,      0,  NONE,   NONE,      ,      ,      , NoSoln, 3704,      ,       ,      ,       
2026-03-23, 09:46:29,  -07:00,       ,             ,             ,   171.7, 30.14,        ,  30.8,   0.00,       ,  -27.08,       ,       ,       ,       ,      ,      ,  27.2,  27.8,   8.8,  23.85,  25.13,     3.53,  172.75,   39.13,  14.78, 1191.1,    0.11,  239.34,  232.50,  225.11,  229.60,  224.56,  218.72,  801.95,  829.50,  826.31,  804.26,  847.46,  821.48,  770.36,  833.31,        ,        ,        ,         ,       ,       ,        ,        ,        ,        ,   0,  GPS,    2.3, 108.70, 108.70, 127.200, 122.800,       ,       ,       ,       ,       ,       ,   -6.8,      0,  NONE,   NONE,      ,      ,      , NoSoln, 3704,      ,       ,      ,       
2026-03-23, 09:46:30,  -07:00,       ,             ,             ,   171.7, 30.14,        ,  30.8,   0.00,       ,    3.68,       ,       ,       ,       ,      ,      ,  27.3,  28.0,   9.2,  23.47,  24.75,     3.54,  174.01,   39.04,  14.80, 1187.9,    0.11,  239.32,  232.63,  225.29,  229.66,  224.92,  218.93,  828.07,  854.03,  850.25,  825.53,  875.04,  846.00,  784.44,  847.97,        ,        ,        ,         ,       ,       ,        ,        ,        ,        ,   0,  GPS,    2.3, 108.70, 108.70, 127.200, 122.800,       ,       ,       ,       ,       ,       ,   -6.8,      0,  NONE,   NONE,      ,      ,      , NoSoln, 3704,      ,       ,      ,       
2026-03-23, 09:46:31,  -07:00,       ,             ,             ,   171.7, 30.14,        ,  30.8,   0.00,       ,  -20.48,       ,       ,       ,       ,      ,      ,  27.4,  28.2,   9.5,  23.13,  24.44,     3.54,  175.18,   38.73,  14.99, 1176.0,    0.11,  239.33,  232.80,  225.50,  229.72,  225.34,  219.16,  839.45,  876.55,  875.28,  847.14,  901.29,  870.09,  798.68,  858.56,        ,        ,        ,         ,       ,       ,        ,        ,        ,        ,   0,  GPS,    2.3, 108.70, 108.70, 127.200, 122.800,       ,       ,       ,       ,       ,       ,   -6.8,      0,  NONE,   NONE,      ,      ,      , NoSoln, 3704,      ,       ,      ,       
2026-03-23, 09:46:32,  -07:00,       ,             ,             ,   171.7, 30.14,        ,  30.8,   0.00,       ,   -9.39,       ,       ,       ,       ,      ,      ,  27.5,  28.3,   9.8,  22.86,  24.15,     3.53,  176.19,   38.68,  14.92, 1180.9,    0.11,  239.32,  232.97,  225.71,  229.80,  225.72,  219.40,  867.44,  898.51,  897.06,  865.61,  926.24,  890.93,  812.29,  875.50,        ,        ,        ,         ,       ,       ,        ,        ,        ,        ,   0,  GPS,    2.3, 108.70, 108.70, 127.200, 122.800,       ,       ,       ,       ,       ,       ,   -6.8,      0,  NONE,   NONE,      ,      ,      , NoSoln, 3704,      ,       ,      ,       
2026-03-23, 09:46:33,  -07:00,       ,             ,             ,   171.7, 30.14,        ,  30.8,   0.00,       ,  -19.86,       ,       ,       ,       ,      ,      ,  27.5,  28.4,  10.0,  22.59,  23.88,     3.50,  177.19,   38.72,  14.86, 1184.1,    0.11,  239.34,  233.17,  225.95,  229.88,  226.16,  219.72,  893.54,  917.54,  916.97,  885.38,  950.39,  910.43,  825.00,  892.22,        ,        ,        ,         ,       ,       ,        ,        ,        ,        ,   0,  GPS,    2.3, 108.70, 108.70, 127.200, 122.800,       ,       ,       ,       ,       ,       ,   -6.8,      0,  NONE,   NONE,      ,      ,      , NoSoln, 3704,      ,       ,      ,       
2026-03-23, 09:46:34,  -07:00,       ,             ,             ,   171.7, 30.14,        ,  30.8,   0.00,       ,   -6.00,       ,       ,       ,       ,      ,      ,  27.6,  28.5,  10.1,  22.34,  23.64,     3.54,  177.93,   38.80,  14.86, 1186.8,    0.11,  239.35,  233.37,  226.19,  229.98,  226.57,  219.97,  915.55,  935.85,  934.72,  901.05,  972.86,  930.08,  837.32,  907.49,        ,        ,        ,         ,       ,       ,        ,        ,        ,        ,   0,  GPS,    2.3, 108.70, 108.70, 127.200, 122.800,       ,       ,       ,       ,       ,       ,   -6.8,      0,  NONE,   NONE,      ,      ,      , NoSoln, 3704,      ,       ,      ,       
2026-03-23, 09:46:35,  -07:00,       ,             ,             ,   171.7, 30.14,        ,  30.8,   0.00,       ,    1.38,   1.44,   0.18,  -0.02,   0.00, 275.7,      ,  27.6,  28.5,  10.2,  22.12,  23.44,     3.52,  178.56,   38.78,  14.92, 1184.6,    0.11,  239.39,  233.56,  226.44,  230.10,  227.00,  220.24,  936.86,  955.29,  952.64,  914.32,  990.57,  947.09,  850.25,  922.44,        ,        ,        ,         ,       ,       ,        ,        ,        ,        ,   0,  GPS,    2.3, 108.70, 108.70, 127.200, 122.800,       ,       ,       ,       ,       ,       ,   -6.8,      0,  NONE,   NONE,      ,      ,      , NoSoln, 3704,      ,       ,      ,       
2026-03-23, 09:46:36,  -07:00,       ,             ,             ,   170.7, 30.14,        ,  30.8,   0.00,       ,  -30.26,   1.46,   0.15,  -0.01,   0.01, 275.7,      ,  27.7,  28.6,  10.2,  21.92,  23.22,     3.51,  179.14,   38.88,  14.86, 1189.0,    0.11,  239.42,  233.78,  226.70,  230.22,  227.41,  220.55,  953.16,  968.32,  965.98,  925.44, 1008.87,  961.43,  859.60,  932.97,        ,        ,        ,         ,       ,       ,        ,        ,        ,        ,   0,  GPS,    2.3, 108.70, 108.70, 127.200, 122.800,       ,       ,       ,       ,       ,       ,   -6.8,      0,  NONE,   NONE,      ,      ,      , NoSoln, 3704,      ,       ,      ,       
2026-03-23, 09:46:37,  -07:00,       ,             ,             ,   169.7, 30.14,        ,  30.8,   0.00,       ,  -42.59,   1.49,   0.13,  -0.01,  -0.00, 275.7,      ,  27.7,  28.6,  10.2,  21.73,  23.02,     3.54,  179.64,   38.89,  14.84, 1190.7,    0.11,  239.47,  234.01,  226.97,  230.35,  227.85,  220.85,  965.23,  979.05,  979.07,  936.91, 1018.98,  973.88,  867.87,  941.23,        ,        ,        ,         ,       ,       ,        ,        ,        ,        ,   0,  GPS,    2.3, 108.70, 108.70, 127.200, 122.800,       ,       ,       ,       ,       ,       ,   -6.8,      0,  NONE,   NONE,      ,      ,      , NoSoln, 3704,      ,       ,      ,       
2026-03-23, 09:46:38,  -07:00,       ,             ,             ,   169.7, 30.14,        ,  30.8,   0.00,       ,  -36.86,   1.48,   0.14,  -0.01,  -0.00, 275.7,      ,  27.7,  28.7,  10.2,  21.56,  22.84,     3.54,  180.03,   39.10,  14.81, 1200.8,    0.11,  239.51,  234.25,  227.24,  230.49,  228.26,  221.17,  974.63,  988.31,  987.59,  947.44, 1028.35,  982.36,  875.50,  946.60,        ,        ,        ,         ,       ,       ,        ,        ,        ,        ,   0,  GPS,    2.3, 108.70, 108.70, 127.200, 122.800,       ,       ,       ,       ,       ,       ,   -6.8,      0,  NONE,   NONE,      ,      ,      , NoSoln, 3704,      ,       ,      ,       
2026-03-23, 09:46:39,  -07:00,       ,             ,             ,   168.7, 30.14,        ,  30.8,   0.00,       ,  -38.41,   1.47,   0.19,  -0.01,   0.00, 275.7,      ,  27.7,  28.7,  10.1,  21.40,  22.69,     3.58,  180.40,   39.15,  14.81, 1200.8,    0.11,  239.59,  234.48,  227.53,  230.63,  228.71,  221.50,  985.10,  996.94,  995.54,  955.37, 1034.23,  989.60,  882.84,  952.73,        ,        ,        ,         ,       ,       ,        ,        ,        ,        ,   0,  GPS,    2.3, 108.70, 108.70, 127.200, 122.800,       ,       ,       ,       ,       ,       ,   -6.8,      0,  NONE,   NONE,      ,      ,      , NoSoln, 3704,      ,       ,      ,       
2026-03-23, 09:46:40,  -07:00,       ,             ,             ,   169.7, 30.14,        ,  30.8,   0.00,       ,  -19.41,   1.48,   0.19,   0.00,  -0.00, 275.7,      ,  27.7,  28.7,  10.1,  21.26,  22.56,     3.56,  180.67,   39.15,  14.86, 1195.3,    0.11,  239.64,  234.74,  227.83,  230.80,  229.13,  221.84,  995.40, 1004.84, 1002.41,  960.68, 1040.31,  994.64,  889.17,  959.12,        ,        ,        ,         ,       ,       ,        ,        ,        ,        ,   0,  GPS,    2.3, 108.70, 108.70, 127.200, 122.800,       ,       ,       ,       ,       ,       ,   -6.8,      0,  NONE,   NONE,      ,      ,      , NoSoln, 3704,      ,       ,      ,       
2026-03-23, 09:46:41,  -07:00,       ,             ,             ,   170.7, 30.14,        ,  30.8,   0.00,       ,   22.17,   1.47,   0.18,  -0.00,  -0.01, 275.7,      ,  27.7,  28.7,  10.0,  21.11,  22.43,     3.56,  180.94,   39.03,  14.86, 1194.7,    0.11,  239.73,  235.02,  228.13,  230.97,  229.58,  222.24, 1006.55, 1009.20, 1007.16,  968.22, 1047.33, 1001.42,  894.49,  965.28,        ,        ,        ,         ,       ,       ,        ,        ,        ,        ,   0,  GPS,    2.3, 108.70, 108.70, 127.200, 122.800,       ,       ,       ,       ,       ,       ,   -6.8,      0,  NONE,   NONE,      ,      ,      , NoSoln, 3704,      ,       ,      ,       
2026-03-23, 09:46:42,  -07:00,       ,             ,             ,   171.7, 30.14,        ,  30.8,   0.00,       ,   33.19,   1.44,   0.19,  -0.01,   0.00, 275.7,      ,  27.7,  28.7,  10.0,  21.00,  22.32,     3.57,  181.10,   39.11,  14.84, 1201.7,    0.11,  239.80,  235.25,  228.44,  231.14,  230.01,  222.54, 1010.60, 1013.99, 1009.48,  975.04, 1053.23, 1007.89,  899.96,  967.74,        ,        ,        ,         ,       ,       ,        ,        ,        ,        ,   0,  GPS,    2.3, 108.70, 108.70, 127.200, 122.800,       ,       ,       ,       ,       ,       ,   -6.8,      0,  NONE,   NONE,      ,      ,      , NoSoln, 3704,      ,       ,      ,       
2026-03-23, 09:46:43,  -07:00,       ,             ,             ,   171.7, 30.14,        ,  30.8,   0.00,       ,   25.99,   1.46,   0.21,  -0.01,  -0.01, 275.7,      ,  27.7,  28.7,   9.9,  20.89,  22.21,     3.54,  181.24,   39.12,  14.83, 1201.3,    0.12,  239.89,  235.54,  228.76,  231.32,  230.48,  222.94, 1015.06, 1016.85, 1014.90,  981.04, 1059.68, 1014.49,  903.83,  971.07,        ,        ,        ,         ,       ,       ,        ,        ,        ,        ,   0,  GPS,    2.3, 108.70, 108.70, 127.200, 122.800,       ,       ,       ,       ,       ,       ,   -6.8,      0,  NONE,   NONE,      ,      ,      , NoSoln, 3704,      ,       ,      ,       
2026-03-23, 09:46:44,  -07:00,       ,             ,             ,   170.7, 30.14,        ,  30.8,   0.00,       ,   -5.33,   1.46,   0.21,   0.00,  -0.00, 275.7,      ,  27.7,  28.7,   9.8,  20.78,  22.13,     3.56,  181.32,   39.21,  14.82, 1204.5,    0.12,  240.00,  235.80,  229.08,  231.51,  230.91,  223.28, 1019.94, 1018.38, 1018.12,  984.68, 1065.59, 1021.85,  906.84,  974.47,        ,        ,        ,         ,       ,       ,        ,        ,        ,        ,   0,  GPS,    2.3, 108.70, 108.70, 127.200, 122.800,       ,       ,       ,       ,       ,       ,   -6.8,      0,  NONE,   NONE,      ,      ,      , NoSoln, 3704,      ,       ,      ,       
2026-03-23, 09:46:45,  -07:00,       ,             ,             ,   170.7, 30.14,        ,  30.8,   0.00,       ,  -10.13,   1.48,   0.23,  -0.01,   0.00, 275.6,      ,  27.7,  28.7,   9.7,  20.67,  22.04,     3.58,  181.40,   39.27,  14.80, 1204.3,    0.12,  240.11,  236.07,  229.42,  231.70,  231.37,  223.65, 1023.06, 1021.88, 1020.47,  989.96, 1070.40, 1026.14,  911.19,  976.28,        ,        ,        ,         ,       ,       ,        ,        ,        ,        ,   0,  GPS,    2.3, 108.70, 108.70, 127.200, 122.800,       ,       ,       ,       ,       ,       ,   -6.8,      0,  NONE,   NONE,      ,      ,      , NoSoln, 3704,      ,       ,      ,       
2026-03-23, 09:46:46,  -07:00,       ,             ,             ,   170.7, 30.14,        ,  30.8,   0.00,       ,  -19.24,   1.45,   0.22,   0.00,  -0.00, 275.6,      ,  27.7,  28.7,   9.6,  20.60,  21.95,     3.58,  181.48,   39.34,  14.83, 1205.2,    0.12,  240.21,  236.35,  229.75,  231.91,  231.79,  224.02, 1027.69, 1025.07, 1023.89,  994.64, 1073.98, 1028.97,  915.37,  979.19,        ,        ,        ,         ,       ,       ,        ,        ,        ,        ,   0,  GPS,    2.3, 108.70, 108.70, 127.200, 122.800,       ,       ,       ,       ,       ,       ,   -6.8,      0,  NONE,   NONE,      ,      ,      , NoSoln, 3704,      ,       ,      ,       
2026-03-23, 09:46:47,  -07:00,       ,             ,             ,   171.7, 30.14,        ,  30.8,   0.00,       ,    9.21,   1.44,   0.20,  -0.01,   0.00, 275.6,      ,  27.8,  28.7,   9.5,  20.52,  21.88,     3.57,  181.55,   39.37,  14.80, 1207.9,    0.12,  240.34,  236.69,  230.10,  232.11,  232.24,  224.45, 1030.72, 1026.74, 1028.15,  999.06, 1077.19, 1032.75,  918.40,  982.44,        ,        ,        ,         ,       ,       ,        ,        ,        ,        ,   0,  GPS,    2.3, 108.70, 108.70, 127.200, 122.800,       ,       ,       ,       ,       ,       ,   -6.8,      0,  NONE,   NONE,      ,      ,      , NoSoln, 3704,      ,       ,      ,       
2026-03-23, 09:46:48,  -07:00,       ,             ,             ,   170.7, 30.14,        ,  30.8,   0.00,       ,   -0.08,   1.44,   0.19,  -0.02,  -0.01, 275.7,      ,  27.8,  28.7,   9.4,  20.44,  21.83,     3.55,  181.60,   39.47,  14.79, 1212.5,    0.12,  240.45,  236.97,  230.44,  232.34,  232.66,  224.83, 1032.41, 1029.50, 1030.88, 1000.58, 1081.34, 1035.76,  921.47,  983.67,        ,        ,        ,         ,       ,       ,        ,        ,        ,        ,   0,  GPS,    2.3, 108.70, 108.70, 127.200, 122.800,       ,       ,       ,       ,       ,       ,   -6.8,      0,  NONE,   NONE,      ,      ,      , NoSoln, 3704,      ,       ,      ,       
2026-03-23, 09:46:49,  -07:00,       ,             ,             ,   171.7, 30.14,        ,  30.8,   0.00,       ,   -3.47,   1.43,   0.11,  -0.02,  -0.01, 275.7,      ,  27.8,  28.7,   9.3,  20.38,  21.76,     3.55,  181.69,   39.55,  14.74, 1213.1,    0.12,  240.58,  237.23,  230.79,  232.55,  233.12,  225.20, 1032.75, 1034.21, 1032.00, 1003.24, 1084.24, 1039.34,  925.26,  984.50,        ,        ,        ,         ,       ,       ,        ,        ,        ,        ,   0,  GPS,    2.3, 108.70, 108.70, 127.200, 122.800,       ,       ,       ,       ,       ,       ,   -6.8,      0,  NONE,   NONE,      ,      ,      , NoSoln, 3704,      ,       ,      ,       
2026-03-23, 09:46:50,  -07:00,       ,             ,             ,   170.7, 30.14,        ,  30.8,   0.00,       ,  -13.57,   1.43,   0.10,  -0.01,  -0.01, 275.7,      ,  27.8,  28.7,   9.2,  20.31,  21.70,     3.58,  181.78,   39.57,  14.78, 1217.8,    0.12,  240.72,  237.54,  231.12,  232.78,  233.54,  225.59, 1033.46, 1038.32, 1033.68, 1006.03, 1087.06, 1041.32,  929.28,  985.60,        ,        ,        ,         ,       ,       ,        ,        ,        ,        ,   0,  GPS,    2.3, 108.70, 108.70, 127.200, 122.800,       ,       ,       ,       ,       ,       ,   -6.8,      0,  NONE,   NONE,      ,      ,      , NoSoln, 3704,      ,       ,      ,       
2026-03-23, 09:46:51,  -07:00,       ,             ,             ,   169.7, 30.14,        ,  30.8,   0.00,       ,  -40.39,   1.42,   0.09,  -0.00,  -0.00, 275.7,      ,  27.8,  28.7,   9.1,  20.25,  21.64,     3.59,  181.84,   39.51,  14.82, 1212.8,    0.12,  240.86,  237.84,  231.50,  233.01,  233.99,  226.00, 1036.39, 1040.59, 1037.71, 1008.24, 1089.41, 1042.27,  931.99,  989.15,        ,        ,        ,         ,       ,       ,        ,        ,        ,        ,   0,  GPS,    2.3, 108.70, 108.70, 127.200, 122.800,       ,       ,       ,       ,       ,       ,   -6.8,      0,  NONE,   NONE,      ,      ,      , NoSoln, 3704,      ,       ,      ,       
2026-03-23, 09:46:52,  -07:00,       ,             ,             ,   169.7, 30.14,        ,  30.8,   0.00,       ,  -25.95,   1.42,   0.07,  -0.00,  -0.01, 275.7,      ,  27.8,  28.7,   9.0,  20.21,  21.58,     3.58,  181.89,   39.39,  14.86, 1204.8,    0.12,  241.00,  238.15,  231.85,  233.26,  234.41,  226.40, 1040.01, 1043.23, 1039.60, 1009.47, 1089.99, 1043.46,  934.64,  991.88,        ,        ,        ,         ,       ,       ,        ,        ,        ,        ,   0,  GPS,    2.3, 108.70, 108.70, 127.200, 122.800,       ,       ,       ,       ,       ,       ,   -6.8,      0,  NONE,   NONE,      ,      ,      , NoSoln, 3704,      ,       ,      ,       
2026-03-23, 09:46:53,  -07:00,       ,             ,             ,   168.7, 30.14,        ,  30.8,   0.00,       ,  -38.96,   1.41,   0.05,  -0.02,  -0.01, 275.7,      ,  27.8,  28.7,   8.8,  20.16,  21.53,     3.57,  181.96,   39.43,  14.86, 1206.7,    0.12,  241.16,  238.50,  232.20,  233.49,  234.87,  226.85, 1041.76, 1046.94, 1042.51, 1010.37, 1091.37, 1044.20,  937.41,  993.28,        ,        ,        ,         ,       ,       ,        ,        ,        ,        ,   0,  GPS,    2.3, 108.70, 108.70, 127.200, 122.800,       ,       ,       ,       ,       ,       ,   -6.8,      0,  NONE,   NONE,      ,      ,      , NoSoln, 3704,      ,       ,      ,       
2026-03-23, 09:46:54,  -07:00,       ,             ,             ,   168.7, 30.14,        ,  30.8,   0.00,       ,  -34.51,   1.41,   0.02,  -0.01,  -0.01, 275.7,      ,  27.8,  28.7,   8.7,  20.11,  21.50,     3.57,  182.05,   39.43,  14.87, 1206.3,    0.12,  241.30,  238.80,  232.56,  233.74,  235.28,  227.26, 1042.99, 1048.81, 1045.23, 1013.17, 1092.54, 1045.91,  939.74,  994.63,        ,        ,        ,         ,       ,       ,        ,        ,        ,        ,   0,  GPS,    2.3, 108.70, 108.70, 127.200, 122.800,       ,       ,       ,       ,       ,       ,   -6.8,      0,  NONE,   NONE,      ,      ,      , NoSoln, 3704,      ,       ,      ,       
2026-03-23, 09:46:55,  -07:00,       ,             ,             ,   169.7, 30.14,        ,  30.8,   0.00,       ,  -14.14,   1.40,   0.00,  -0.02,  -0.00, 275.7,      ,  27.8,  28.7,   8.7,  20.05,  21.47,     3.54,  182.14,   39.38,  14.88, 1208.8,    0.12,  241.47,  239.10,  232.94,  233.99,  235.74,  227.66, 1044.36, 1050.40, 1047.17, 1015.12, 1094.52, 1048.26,  941.75,  995.69,        ,        ,        ,         ,       ,       ,        ,        ,        ,        ,   0,  GPS,    2.3, 108.70, 108.70, 127.200, 122.800,       ,       ,       ,       ,       ,       ,   -6.8,      0,  NONE,   NONE,      ,      ,      , NoSoln, 3704,      ,       ,      ,       
2026-03-23, 09:46:56,  -07:00,       ,             ,             ,   169.7, 30.14,        ,  30.8,   0.00,       ,   -2.59,   1.43,   0.01,  -0.01,   0.00, 275.7,      ,  27.8,  28.7,   8.6,  20.02,  21.44,     3.55,  182.19,   39.46,  14.84, 1209.9,    0.12,  241.62,  239.42,  233.28,  234.23,  236.16,  228.08, 1045.54, 1051.24, 1050.89, 1016.26, 1095.74, 1050.10,  943.05,  997.76,        ,        ,        ,         ,       ,       ,        ,        ,        ,        ,   0,  GPS,    2.3, 108.70, 108.70, 127.200, 122.800,       ,       ,       ,       ,       ,       ,   -6.8,      0,  NONE,   NONE,      ,      ,      , NoSoln, 3704,      ,       ,      ,       
2026-03-23, 09:46:57,  -07:00,       ,             ,             ,   169.7, 30.14,        ,  30.8,   0.00,       ,  -12.98,   1.40,   0.00,  -0.00,   0.01, 275.7,      ,  27.8,  28.7,   8.4,  19.98,  21.40,     3.54,  182.20,   39.38,  14.85, 1208.6,    0.12,  241.79,  239.75,  233.66,  234.49,  236.60,  228.51, 1047.69, 1053.56, 1053.40, 1018.13, 1098.56, 1052.50,  945.66,  999.37,        ,        ,        ,         ,       ,       ,        ,        ,        ,        ,   0,  GPS,    2.3, 108.70, 108.70, 127.200, 122.800,       ,       ,       ,       ,       ,       ,   -6.8,      0,  NONE,   NONE,      ,      ,      , NoSoln, 3704,      ,       ,      ,       
2026-03-23, 09:46:58,  -07:00,       ,             ,             ,   168.7, 30.14,        ,  30.8,   0.00,       ,   -9.37,   1.42,  -0.01,  -0.01,  -0.00, 275.7,      ,  27.8,  28.7,   8.3,  19.96,  21.37,     3.56,  182.19,   39.49,  14.89, 1211.1,    0.12,  241.96,  240.06,  234.02,  234.76,  237.02,  228.95, 1049.58, 1053.67, 1054.65, 1019.24, 1100.75, 1054.30,  946.65, 1000.76,        ,        ,        ,         ,       ,       ,        ,        ,        ,        ,   0,  GPS,    2.3, 108.70, 108.70, 127.200, 122.800,       ,       ,       ,       ,       ,       ,   -6.8,      0,  NONE,   NONE,      ,      ,      , NoSoln, 3704,      ,       ,      ,       
2026-03-23, 09:46:59,  -07:00,       ,             ,             ,   168.7, 30.14,        ,  30.8,   0.00,       ,  -20.67,   1.38,  -0.02,  -0.01,   0.00, 275.7,      ,  27.8,  28.7,   8.2,  19.93,  21.33,     3.55,  182.16,   39.47,  14.88, 1208.5,    0.12,  242.15,  240.40,  234.41,  235.03,  237.47,  229.40, 1050.67, 1055.64, 1055.47, 1022.34, 1101.85, 1055.34,  948.88, 1001.12,        ,        ,        ,         ,       ,       ,        ,        ,        ,        ,   0,  GPS,    2.3, 108.70, 108.70, 127.200, 122.800,       ,       ,       ,       ,       ,       ,   -6.8,      0,  NONE,   NONE,      ,      ,      , NoSoln, 3704,      ,       ,      ,       
2026-03-23, 09:47:00,  -07:00,       ,             ,             ,   168.7, 30.14,        ,  30.8,   0.00,       ,  -21.40,   1.40,  -0.03,  -0.01,  -0.01, 275.7,      ,  27.8,  28.7,   8.1,  19.90,  21.29,     3.55,  182.12,   39.51,  14.90, 1210.2,    0.12,  242.32,  240.73,  234.78,  235.30,  237.88,  229.83, 1052.28, 1057.71, 1058.23, 1023.21, 1104.93, 1056.32,  950.92, 1002.90,        ,        ,        ,         ,       ,       ,        ,        ,        ,        ,   0,  GPS,    2.3, 108.70, 108.70, 127.200, 122.800,       ,       ,       ,       ,       ,       ,   -6.8,      0,  NONE,   NONE,      ,      ,      , NoSoln, 3704,      ,       ,      ,       
2026-03-23, 09:47:01,  -07:00,       ,             ,             ,   168.7, 30.14,        ,  30.8,   0.00,       ,  -15.84,   1.37,  -0.03,  -0.02,  -0.00, 275.7,      ,  27.8,  28.7,   8.0,  19.88,  21.27,     3.55,  182.04,   39.61,  14.84, 1213.3,    0.12,  242.52,  241.09,  235.19,  235.57,  238.33,  230.27, 1053.00, 1058.98, 1060.30, 1022.96, 1106.59, 1057.05,  952.55, 1004.65,        ,        ,        ,         ,       ,       ,        ,        ,        ,        ,   0,  GPS,    2.3, 108.70, 108.70, 127.200, 122.800,       ,       ,       ,       ,       ,       ,   -6.8,      0,  NONE,   NONE,      ,      ,      , NoSoln, 3704,      ,       ,      ,       
2026-03-23, 09:47:02,  -07:00,       ,             ,             ,   168.7, 30.14,        ,  30.8,   0.00,       ,  -12.52,   1.37,  -0.05,  -0.01,   0.00, 275.7,      ,  27.8,  28.7,   7.9,  19.86,  21.25,     3.56,  181.96,   39.58,  14.87, 1212.6,    0.12,  242.70,  241.42,  235.56,  235.85,  238.74,  230.72, 1055.66, 1061.18, 1061.71, 1024.71, 1108.13, 1058.71,  954.96, 1006.53,        ,        ,        ,         ,       ,       ,        ,        ,        ,        ,   0,  GPS,    2.3, 108.70, 108.70, 127.200, 122.800,       ,       ,       ,       ,       ,       ,   -6.8,      0,  NONE,   NONE,      ,      ,      , NoSoln, 3704,      ,       ,      ,       
2026-03-23, 09:47:03,  -07:00,       ,             ,             ,   167.7, 30.14,        ,  30.5,   0.00,       ,  -32.02,   1.37,  -0.04,  -0.01,  -0.02, 275.7,      ,  27.8,  28.7,   7.8,  19.84,  21.24,     3.57,  181.88,   39.58,  14.90, 1212.3,    0.12,  242.91,  241.79,  235.98,  236.14,  239.18,  231.21, 1056.96, 1063.69, 1062.41, 1025.67, 1108.81, 1060.56,  957.11, 1008.08,        ,        ,        ,         ,       ,       ,        ,        ,        ,        ,   0,  GPS,    2.3, 108.70, 108.70, 127.200, 122.800,       ,       ,       ,       ,       ,       ,   -6.8,      0,  NONE,   NONE,      ,      ,      , NoSoln, 3704,      ,       ,      ,       
2026-03-23, 09:47:04,  -07:00,       ,             ,             ,   166.7, 30.14,        ,  30.5,   0.00,       ,  -43.43,   1.35,  -0.07,  -0.00,   0.00, 275.7,      ,  27.8,  28.7,   7.7,  19.82,  21.22,     3.56,  181.82,   39.56,  14.91, 1209.9,    0.12,  243.09,  242.11,  236.37,  236.43,  239.58,  231.62, 1057.69, 1065.42, 1064.56, 1026.96, 1110.04, 1063.39,  959.10, 1009.66,        ,        ,        ,         ,       ,       ,        ,        ,        ,        ,   0,  GPS,    2.3, 108.70, 108.70, 127.200, 122.800,       ,       ,       ,       ,       ,       ,   -6.8,      0,  NONE,   NONE,      ,      ,      , NoSoln, 3704,      ,       ,      ,       
2026-03-23, 09:47:05,  -07:00,       ,             ,             ,   166.7, 30.14,        ,  30.5,   0.00,       ,  -27.06,   1.36,  -0.08,  -0.01,  -0.01, 275.7,      ,  27.8,  28.7,   7.6,  19.80,  21.20,     3.58,  181.74,   39.55,  14.90, 1208.1,    0.12,  243.31,  242.45,  236.76,  236.70,  240.04,  232.09, 1058.80, 1068.73, 1067.38, 1028.02, 1111.23, 1063.93,  961.38, 1011.46,        ,        ,        ,         ,       ,       ,        ,        ,        ,        ,   0,  GPS,    2.3, 108.70, 108.70, 127.200, 122.800,       ,       ,       ,       ,       ,       ,   -6.8,      0,  NONE,   NONE,      ,      ,      , NoSoln, 3704,      ,       ,      ,       
2026-03-23, 09:47:06,  -07:00,       ,             ,             ,   166.7, 30.14,        ,  30.5,   0.00,       ,  -15.95,   1.35,  -0.10,  -0.01,  -0.00, 275.6,      ,  27.8,  28.7,   7.5,  19.78,  21.18,     3.56,  181.69,   39.57,  14.92, 1209.2,    0.12,  243.51,  242.80,  237.17,  237.00,  240.45,  232.54, 1061.08, 1070.95, 1068.69, 1030.93, 1113.55, 1066.44,  964.49, 1013.12,        ,        ,        ,         ,       ,       ,        ,        ,        ,        ,   0,  GPS,    2.3, 108.70, 108.70, 127.200, 122.800,       ,       ,       ,       ,       ,       ,   -6.8,      0,  NONE,   NONE,      ,      ,      , NoSoln, 3704,      ,       ,      ,       
2026-03-23, 09:47:07,  -07:00,       ,             ,             ,   168.7, 30.14,        ,  30.5,   0.00,       ,   16.51,   1.36,  -0.10,  -0.01,  -0.00, 275.6,      ,  27.8,  28.7,   7.4,  19.77,  21.17,     3.55,  181.63,   39.54,  14.92, 1210.7,    0.12,  243.72,  243.19,  237.59,  237.30,  240.89,  233.05, 1065.39, 1073.64, 1070.39, 1034.11, 1116.90, 1068.01,  967.38, 1016.43,        ,        ,        ,         ,       ,       ,        ,        ,        ,        ,   0,  GPS,    2.3, 108.70, 108.70, 127.200, 122.800,       ,       ,       ,       ,       ,       ,   -6.8,      0,  NONE,   NONE,      ,      ,      , NoSoln, 3704,      ,       ,      ,       
2026-03-23, 09:47:08,  -07:00,       ,             ,             ,   167.7, 30.14,        ,  30.5,   0.00,       ,   -0.40,   1.38,  -0.08,  -0.00,   0.01, 275.6,      ,  27.8,  28.7,   7.3,  19.76,  21.17,     3.55,  181.59,   39.57,  14.91, 1211.5,    0.12,  243.93,  243.52,  237.98,  237.61,  241.31,  233.49, 1068.22, 1076.96, 1071.94, 1035.79, 1118.81, 1069.87,  970.05, 1018.33,        ,        ,        ,         ,       ,       ,        ,        ,        ,        ,   0,  GPS,    2.3, 108.70, 108.70, 127.200, 122.800,       ,       ,       ,       ,       ,       ,   -6.8,      0,  NONE,   NONE,      ,      ,      , NoSoln, 3704,      ,       ,      ,       
2026-03-23, 09:47:09,  -07:00,       ,             ,             ,   167.7, 30.14,        ,  30.5,   0.00,       ,   -9.77,   1.34,  -0.10,   0.00,   0.01, 275.6,      ,  27.8,  28.7,   7.3,  19.75,  21.16,     3.58,  181.55,   39.61,  14.89, 1213.0,    0.12,  244.15,  243.85,  238.40,  237.91,  241.77,  233.93, 1070.52, 1078.01, 1074.10, 1037.38, 1122.43, 1070.74,  971.66, 1020.72,        ,        ,        ,         ,       ,       ,        ,        ,        ,        ,   0,  GPS,    2.3, 108.70, 108.70, 127.200, 122.800,       ,       ,       ,       ,       ,       ,   -6.8,      0,  NONE,   NONE,      ,      ,      , NoSoln, 3704,      ,       ,      ,       
2026-03-23, 09:47:10,  -07:00,       ,             ,             ,   167.7, 30.14,        ,  30.5,   0.00,       ,  -15.71,   1.35,  -0.11,  -0.01,  -0.00, 275.6,      ,  27.8,  28.7,   7.2,  19.74,  21.15,     3.56,  181.54,   39.63,  14.91, 1212.5,    0.12,  244.37,  244.20,  238.81,  238.21,  242.19,  234.39, 1072.32, 1080.26, 1076.50, 1038.74, 1123.79, 1072.73,  973.86, 1022.21,        ,        ,        ,         ,       ,       ,        ,        ,        ,        ,   0,  GPS,    2.3, 108.70, 108.70, 127.200, 122.800,       ,       ,       ,       ,       ,       ,   -6.8,      0,  NONE,   NONE,      ,      ,      , NoSoln, 3704,      ,       ,      ,       
2026-03-23, 09:47:11,  -07:00,       ,             ,             ,   167.7, 30.14,        ,  30.5,   0.00,       ,   -8.80,   1.32,  -0.11,  -0.01,   0.01, 275.6,      ,  27.8,  28.7,   7.0,  19.72,  21.15,     3.55,  181.50,   39.63,  14.93, 1208.4,    0.12,  244.61,  244.59,  239.23,  238.53,  242.64,  234.92, 1074.33, 1082.57, 1077.08, 1040.62, 1126.23, 1074.26,  976.07, 1023.85,        ,        ,        ,         ,       ,       ,        ,        ,        ,        ,   0,  GPS,    2.3, 108.70, 108.70, 127.200, 122.800,       ,       ,       ,       ,       ,       ,   -6.8,      0,  NONE,   NONE,      ,      ,      , NoSoln, 3704,      ,       ,      ,       
2026-03-23, 09:47:12,  -07:00,       ,             ,             ,   167.7, 30.14,        ,  30.5,   0.00,       ,  -16.48,   1.35,  -0.11,  -0.02,  -0.00, 275.5,      ,  27.8,  28.7,   6.9,  19.72,  21.15,     3.54,  181.48,   39.58,  14.78, 1201.7,    0.12,  244.84,  244.94,  239.63,  238.84,  243.05,  235.37, 1075.09, 1084.52, 1078.81, 1042.53, 1126.99, 1075.80,  977.85, 1024.89,        ,        ,        ,         ,       ,       ,        ,        ,        ,        ,   0,  GPS,    2.3, 108.70, 108.70, 127.200, 122.800,       ,       ,       ,       ,       ,       ,   -6.8,      0,  NONE,   NONE,      ,      ,      , NoSoln, 3704,      ,       ,      ,       
2026-03-23, 09:47:13,  -07:00,       ,             ,             ,   166.7, 30.14,        ,  30.5,   0.00,       ,  -20.51,   1.35,  -0.11,  -0.00,   0.01, 275.5,      ,  27.8,  28.7,   6.8,  19.72,  21.15,     3.36,  181.43,   39.05,  14.04, 1157.5,    0.10,  245.07,  245.28,  240.06,  239.16,  243.51,  235.82, 1072.46, 1083.94, 1077.70, 1042.78, 1123.78, 1074.96,  977.46, 1023.19,        ,        ,        ,         ,       ,       ,        ,        ,        ,        ,   0,  GPS,    2.3, 108.70, 108.70, 127.200, 122.800,       ,       ,       ,       ,       ,       ,   -6.8,      0,  NONE,   NONE,      ,      ,      , NoSoln, 3704,      ,       ,      ,       
2026-03-23, 09:47:14,  -07:00,       ,             ,             ,   165.7, 30.14,        ,  30.5,   0.00,       ,  -31.05,   1.35,  -0.11,  -0.02,  -0.01, 275.5,      ,  27.8,  28.7,   6.7,  19.71,  21.15,     3.16,  181.37,   37.40,  13.89, 1110.9,    0.09,  245.32,  245.63,  240.46,  239.48,  243.93,  236.28, 1066.06, 1079.28, 1070.64, 1037.37, 1116.02, 1069.81,  972.57, 1016.57,        ,        ,        ,         ,       ,       ,        ,        ,        ,        ,   0,  GPS,    2.3, 108.70, 108.70, 127.200, 122.800,       ,       ,       ,       ,       ,       ,   -6.8,      0,  NONE,   NONE,      ,      ,      , NoSoln, 3704,      ,       ,      ,       
2026-03-23, 09:47:15,  -07:00,       ,             ,             ,   165.7, 30.14,        ,  30.5,   0.00,       ,  -33.33,   1.41,  -0.02,  -0.01,  -0.00, 275.6,      ,  27.8,  28.7,   6.7,  19.71,  21.14,     3.06,  181.30,   36.16,  14.02, 1090.2,    0.09,  245.55,  246.04,  240.88,  239.80,  244.37,  236.82, 1058.95, 1072.40, 1061.62, 1031.70, 1109.05, 1065.07,  967.42, 1007.59,        ,        ,        ,         ,       ,       ,        ,        ,        ,        ,   0,  GPS,    2.3, 108.70, 108.70, 127.200, 122.800,       ,       ,       ,       ,       ,       ,   -6.8,      0,  NONE,   NONE,      ,      ,      , NoSoln, 3704,      ,       ,      ,       
2026-03-23, 09:47:16,  -07:00,       ,             ,             ,   164.7, 30.14,        ,  30.5,   0.00,       ,  -45.67,   1.42,  -0.05,  -0.00,  -0.01, 275.5,      ,  27.8,  28.7,   6.6,  19.70,  21.15,     3.01,  181.23,   35.61,  14.05, 1086.7,    0.09,  245.80,  246.38,  241.26,  240.13,  244.77,  237.27, 1052.88, 1065.64, 1055.41, 1028.21, 1104.51, 1061.76,  962.95, 1001.53,        ,        ,        ,         ,       ,       ,        ,        ,        ,        ,   0,  GPS,    2.3, 108.70, 108.70, 127.200, 122.800,       ,       ,       ,       ,       ,       ,   -6.8,      0,  NONE,   NONE,      ,      ,      , NoSoln, 3704,      ,       ,      ,       
2026-03-23, 09:47:17,  -07:00,       ,             ,             ,   164.7, 30.14,        ,  30.5,   0.00,       ,  -46.55,   1.38,  -0.04,  -0.02,  -0.01, 275.4,      ,  27.8,  28.7,   6.5,  19.70,  21.14,     2.98,  181.18,   35.41,  14.06, 1085.5,    0.09,  246.06,  246.71,  241.68,  240.45,  245.23,  237.70, 1048.58, 1061.16, 1051.24, 1025.54, 1100.43, 1059.47,  959.33,  996.41,        ,        ,        ,         ,       ,       ,        ,        ,        ,        ,   0,  GPS,    2.3, 108.70, 108.70, 127.200, 122.800,       ,       ,       ,       ,       ,       ,   -6.8,      0,  NONE,   NONE,      ,      ,      , NoSoln, 3704,      ,       ,      ,       
2026-03-23, 09:47:18,  -07:00,       ,             ,             ,   163.7, 30.14,        ,  30.5,   0.00,       ,  -47.95,   1.36,  -0.08,  -0.00,  -0.01, 275.3,      ,  27.8,  28.7,   6.4,  19.70,  21.13,     3.00,  181.15,   35.15,  14.15, 1080.3,    0.09,  246.30,  247.06,  242.05,  240.78,  245.62,  238.17, 1045.65, 1057.20, 1048.94, 1023.26, 1097.37, 1058.19,  956.65,  993.21,        ,        ,        ,         ,       ,       ,        ,        ,        ,        ,   0,  GPS,    2.3, 108.70, 108.70, 127.200, 122.800,       ,       ,       ,       ,       ,       ,   -6.8,      0,  NONE,   NONE,      ,      ,      , NoSoln, 3704,      ,       ,      ,       
2026-03-23, 09:47:19,  -07:00,       ,             ,             ,   164.7, 30.14,        ,  30.5,   0.00,       ,  -25.14,   1.36,  -0.05,  -0.01,  -0.00, 275.2,      ,  27.8,  28.7,   6.3,  19.71,  21.12,     2.99,  181.12,   35.07,  14.13, 1083.6,    0.09,  246.57,  247.45,  242.43,  241.11,  246.05,  238.67, 1042.39, 1055.49, 1045.68, 1021.58, 1094.39, 1056.58,  955.06,  989.67,        ,        ,        ,         ,       ,       ,        ,        ,        ,        ,   0,  GPS,    2.3, 108.70, 108.70, 127.200, 122.800,       ,       ,       ,       ,       ,       ,   -6.8,      0,  NONE,   NONE,      ,      ,      , NoSoln, 3704,      ,       ,      ,       
2026-03-23, 09:47:20,  -07:00,       ,             ,             ,   163.7, 30.14,        ,  30.5,   0.00,       ,  -29.79,   1.37,  -0.11,  -0.00,  -0.00, 274.6,      ,  27.8,  28.7,   6.2,  19.70,  21.12,     2.98,  181.08,   34.95,  14.11, 1082.4,    0.09,  246.82,  247.79,  242.81,  241.44,  246.45,  239.10, 1040.53, 1052.28, 1043.72, 1018.68, 1092.49, 1053.01,  952.72,  987.44,        ,        ,        ,         ,       ,       ,        ,        ,        ,        ,   0,  GPS,    2.3, 108.70, 108.70, 127.200, 122.800,       ,       ,       ,       ,       ,       ,   -6.8,      0,  NONE,   NONE,      ,      ,      , NoSoln, 3704,      ,       ,      ,       
2026-03-23, 09:47:21,  -07:00,       ,             ,             ,   163.7, 30.14,        ,  30.5,   0.00,       ,  -16.27,   1.40,  -0.08,  -0.01,  -0.01, 274.3,      ,  27.8,  28.7,   6.1,  19.70,  21.13,     2.98,  181.06,   35.04,  14.06, 1087.9,    0.09,  247.09,  248.11,  243.18,  241.76,  246.87,  239.52, 1040.11, 1050.58, 1043.07, 1016.76, 1092.44, 1051.67,  951.14,  986.59,        ,        ,        ,         ,       ,       ,        ,        ,        ,        ,   0,  GPS,    2.3, 108.70, 108.70, 127.200, 122.800,       ,       ,       ,       ,       ,       ,   -6.8,      0,  NONE,   NONE,      ,      ,      , NoSoln, 3704,      ,       ,      ,       
2026-03-23, 09:47:22,  -07:00,       ,             ,             ,   164.7, 30.14,        ,  30.5,   0.00,       ,   15.94,   1.48,  -0.03,  -0.01,  -0.02, 273.4,      ,  27.8,  28.7,   6.0,  19.69,  21.13,     3.01,  181.02,   35.25,  14.00, 1091.0,    0.09,  247.35,  248.43,  243.54,  242.10,  247.28,  239.97, 1038.43, 1048.90, 1040.70, 1015.84, 1090.08, 1053.16,  950.25,  984.62,        ,        ,        ,         ,       ,       ,        ,        ,        ,        ,   0,  GPS,    2.3, 108.70, 108.70, 127.200, 122.800,       ,       ,       ,       ,       ,       ,   -6.8,      0,  NONE,   NONE,      ,      ,      , NoSoln, 3704,      ,       ,      ,       
2026-03-23, 09:47:23,  -07:00,       ,             ,             ,   164.7, 30.14,        ,  30.5,   0.00,       ,    4.95,   1.37,  -0.13,  -0.01,  -0.00, 272.4,      ,  27.8,  28.7,   5.9,  19.69,  21.14,     2.99,  181.02,   35.07,  14.11, 1082.5,    0.09,  247.62,  248.79,  243.90,  242.40,  247.69,  240.42, 1039.82, 1047.44, 1039.22, 1016.01, 1088.37, 1054.04,  949.28,  983.67,        ,        ,        ,         ,       ,       ,        ,        ,        ,        ,   0,  GPS,    2.3, 108.70, 108.70, 127.200, 122.800,       ,       ,       ,       ,       ,       ,   -6.8,      0,  NONE,   NONE,      ,      ,      , NoSoln, 3704,      ,       ,      ,       
2026-03-23, 09:47:24,  -07:00,       ,             ,             ,   164.7, 30.14,        ,  30.5,   0.00,       ,  -11.60,   1.32,  -0.15,  -0.00,   0.00, 272.4,      ,  27.8,  28.7,   5.8,  19.65,  21.11,     2.98,  181.00,   34.90,  14.14, 1081.0,    0.09,  247.88,  249.15,  244.25,  242.74,  248.07,  240.87, 1041.05, 1045.70, 1040.53, 1016.19, 1087.68, 1053.18,  948.65,  984.33,        ,        ,        ,         ,       ,       ,        ,        ,        ,        ,   0,  GPS,    2.3, 108.70, 108.70, 127.200, 122.800,       ,       ,       ,       ,       ,       ,   -6.8,      0,  NONE,   NONE,      ,      ,      , NoSoln, 3704,      ,       ,      ,       
2026-03-23, 09:47:25,  -07:00,       ,             ,             ,   163.7, 30.14,        ,  30.5,   0.00,       ,  -26.17,   1.34,  -0.14,  -0.00,  -0.00, 272.5,      ,  27.8,  28.7,   5.7,  19.63,  21.10,     2.98,  181.01,   35.00,  14.05, 1084.5,    0.09,  248.16,  249.46,  244.62,  243.06,  248.48,  241.29, 1040.64, 1045.54, 1037.92, 1015.33, 1086.65, 1052.89,  948.38,  982.63,        ,        ,        ,         ,       ,       ,        ,        ,        ,        ,   0,  GPS,    2.3, 108.70, 108.70, 127.200, 122.800,       ,       ,       ,       ,       ,       ,   -6.8,      0,  NONE,   NONE,      ,      ,      , NoSoln, 3704,      ,       ,      ,       
2026-03-23, 09:47:26,  -07:00,       ,             ,             ,   163.7, 30.14,        ,  30.5,   0.00,       ,  -24.03,   1.36,  -0.12,   0.00,   0.00, 272.5,      ,  27.7,  28.7,   5.6,  19.60,  21.09,     2.95,  181.00,   34.96,  14.07, 1080.1,    0.09,  248.42,  249.80,  244.96,  243.39,  248.88,  241.71, 1042.58, 1045.24, 1037.66, 1017.54, 1085.46, 1054.87,  948.63,  982.95,        ,        ,        ,         ,       ,       ,        ,        ,        ,        ,   0,  GPS,    2.3, 108.70, 108.70, 127.200, 122.800,       ,       ,       ,       ,       ,       ,   -6.8,      0,  NONE,   NONE,      ,      ,      , NoSoln, 3704,      ,       ,      ,       
2026-03-23, 09:47:27,  -07:00,       ,             ,             ,   163.7, 30.14,        ,  30.5,   0.00,       ,  -16.75,   1.38,  -0.12,   0.01,  -0.00, 272.5,      ,  27.7,  28.7,   5.5,  19.59,  21.08,     2.93,  181.01,   33.88,  14.47, 1044.3,    0.09,  248.71,  250.14,  245.32,  243.71,  249.30,  242.15, 1040.97, 1043.28, 1036.96, 1015.81, 1085.61, 1052.63,  947.41,  981.82,        ,        ,        ,         ,       ,       ,        ,        ,        ,        ,   0,  GPS,    2.3, 108.70, 108.70, 127.200, 122.800,       ,       ,       ,       ,       ,       ,   -6.8,      0,  NONE,   NONE,      ,      ,      , NoSoln, 3704,      ,       ,      ,       
2026-03-23, 09:47:28,  -07:00,       ,             ,             ,   162.7, 30.14,        ,  30.5,   0.00,       ,  -29.40,   1.37,  -0.12,  -0.00,   0.01, 272.4,      ,  27.7,  28.7,   5.4,  19.57,  21.08,     2.92,  181.00,   33.16,  14.58, 1035.5,    0.09,  248.99,  250.46,  245.67,  244.02,  249.68,  242.57, 1040.56, 1040.49, 1036.68, 1014.45, 1085.19, 1050.55,  946.18,  980.57,        ,        ,        ,         ,       ,       ,        ,        ,        ,        ,   0,  GPS,    2.3, 108.70, 108.70, 127.200, 122.800,       ,       ,       ,       ,       ,       ,   -6.8,      0,  NONE,   NONE,      ,      ,      , NoSoln, 3704,      ,       ,      ,       
2026-03-23, 09:47:29,  -07:00,       ,             ,             ,   163.7, 30.14,        ,  30.2,   0.00,       ,  -17.72,   1.41,  -0.12,  -0.00,  -0.00, 272.4,      ,  27.7,  28.7,   5.4,  19.56,  21.08,     2.92,  180.98,   32.87,  14.59, 1030.3,    0.09,  249.28,  250.80,  246.00,  244.36,  250.09,  243.03, 1040.13, 1039.51, 1035.11, 1012.96, 1084.82, 1050.46,  945.96,  979.39,        ,        ,        ,         ,       ,       ,        ,        ,        ,        ,   0,  GPS,    2.3, 108.70, 108.70, 127.200, 122.800,       ,       ,       ,       ,       ,       ,   -6.8,      0,  NONE,   NONE,      ,      ,      , NoSoln, 3704,      ,       ,      ,       
2026-03-23, 09:47:30,  -07:00,       ,             ,             ,   162.7, 30.14,        ,  30.2,   0.00,       ,  -23.06,   1.42,  -0.12,  -0.02,  -0.01, 272.4,      ,  27.7,  28.7,   5.3,  19.55,  21.08,     2.93,  180.96,   32.84,  14.63, 1034.6,    0.09,  249.54,  251.13,  246.35,  244.69,  250.47,  243.44, 1040.63, 1037.20, 1032.50, 1011.39, 1082.35, 1048.66,  945.22,  978.80,        ,        ,        ,         ,       ,       ,        ,        ,        ,        ,   0,  GPS,    2.3, 108.70, 108.70, 127.200, 122.800,       ,       ,       ,       ,       ,       ,   -6.8,      0,  NONE,   NONE,      ,      ,      , NoSoln, 3704,      ,       ,      ,       
2026-03-23, 09:47:32,  -07:00,       ,   27.2518787,  -81.4135437,   163.7, 30.14,     4.2,  30.2,   0.00,   6.36,   -5.41,   1.41,  -0.12,   0.00,   0.00, 272.4, 278.1,  27.7,  28.7,   5.2,  19.54,  21.08,     2.93,  180.96,   32.86,  14.56, 1037.2,    0.09,  249.83,  251.47,  246.70,  244.98,  250.88,  243.87, 1040.66, 1037.00, 1031.30, 1010.58, 1081.82, 1048.04,  945.27,  977.97,        ,        ,        ,         ,       ,       ,        ,        ,        ,   -85.0,   0,  GPS,    2.3, 108.70, 108.70, 127.200, 122.800,       ,       ,       ,       ,       ,       ,   -6.8,      0,  NONE,   NONE,      ,      , -90.6,     3D, 3704,      ,       ,      ,       
2026-03-23, 09:47:32,  -07:00,       ,   27.2518730,  -81.4135895,   163.7, 30.14,     7.9,  30.2,   0.00,   8.14,   -0.03,   1.41,  -0.09,  -0.01,  -0.00, 272.5, 276.6,  27.7,  28.7,   5.1,  19.53,  21.09,     2.94,  180.93,   32.82,  14.60, 1033.4,    0.09,  250.11,  251.80,  247.01,  245.33,  251.27,  244.29, 1041.52, 1036.40, 1030.88, 1009.39, 1080.74, 1046.48,  945.15,  977.64,        ,        ,        ,         ,       ,       ,        ,        ,        ,   -81.3,   0,  GPS,    2.3, 108.70, 108.70, 127.200, 122.800,       ,       ,       ,       ,       ,       ,   -6.8,      0,  NONE,   NONE,      ,      ,  35.4,     3D, 3704,      ,       ,      ,       
2026-03-23, 09:47:33,  -07:00,       ,   27.2518730,  -81.4136124,   162.7, 30.14,     7.0,  30.2,   0.00,   3.34,  -13.93,   1.42,  -0.09,  -0.01,  -0.01, 272.5, 276.7,  27.7,  28.7,   5.0,  19.52,  21.10,     2.96,  180.93,   32.87,  14.56, 1037.3,    0.09,  250.41,  252.18,  247.35,  245.64,  251.68,  244.77, 1042.47, 1036.59, 1031.50, 1007.96, 1081.03, 1046.63,  945.07,  977.91,        ,        ,        ,         ,       ,       ,        ,        ,        ,   -82.2,   0,  GPS,    2.3, 108.70, 108.70, 127.200, 122.800,       ,       ,       ,       ,       ,       ,   -6.8,      0,  NONE,   NONE,      ,      ,   0.0,     3D, 3704,      ,       ,      ,       
2026-03-23, 09:47:34,  -07:00,       ,   27.2518749,  -81.4136047,   163.7, 30.14,     6.1,  30.2,   0.00,   0.00,   -3.23,   1.42,  -0.10,  -0.01,  -0.00, 272.5, 276.3,  27.7,  28.7,   5.0,  19.51,  21.11,     2.97,  180.92,   33.00,  14.57, 1039.6,    0.09,  250.70,  252.51,  247.68,  245.96,  252.07,  245.18, 1043.76, 1036.78, 1034.29, 1007.55, 1082.50, 1046.81,  945.84,  979.07,        ,        ,        ,         ,       ,       ,        ,        ,        ,   -83.1,   0,  GPS,    2.3, 108.70, 108.70, 127.200, 122.800,       ,       ,       ,       ,       ,       ,   -6.8,      0,  NONE,   NONE,      ,      ,  31.5,     3D, 3704,      ,       ,      ,       
2026-03-23, 09:47:35,  -07:00,       ,   27.2518749,  -81.4136047,   163.7, 30.14,     2.5,  30.2,   0.00,   0.00,   -5.61,   1.40,  -0.08,  -0.01,  -0.00, 272.4, 276.3,  27.7,  28.7,   4.9,  19.50,  21.12,     2.96,  180.91,   33.09,  14.51, 1043.0,    0.09,  250.99,  252.84,  248.02,  246.30,  252.49,  245.61, 1045.42, 1036.65, 1035.13, 1007.20, 1081.47, 1045.96,  946.17,  979.80,        ,        ,        ,         ,       ,       ,        ,        ,        ,   -86.7,   0,  GPS,    2.3, 108.70, 108.70, 127.200, 122.800,       ,       ,       ,       ,       ,       ,   -6.8,      0,  NONE,   NONE,      ,      ,  -3.9,     3D, 3704,      ,       ,      ,       
2026-03-23, 09:47:36,  -07:00,       ,   27.2518787,  -81.4135971,   163.7, 30.14,    -8.8,  30.2,   0.00,   0.00,   -1.98,   1.44,  -0.07,  -0.01,  -0.01, 272.4, 276.3,  27.7,  28.7,   4.9,  19.50,  21.13,     2.97,  180.90,   33.26,  14.48, 1045.4,    0.09,  251.27,  253.14,  248.34,  246.62,  252.87,  245.99, 1046.60, 1038.50, 1035.73, 1008.55, 1082.05, 1047.73,  947.72,  980.61,        ,        ,        ,         ,       ,       ,        ,        ,        ,   -98.1,   0,  GPS,    2.3, 108.70, 108.70, 127.200, 122.800,       ,       ,       ,       ,       ,       ,   -6.8,      0,  NONE,   NONE,      ,      ,  35.4,     3D, 3704,      ,       ,      ,       
2026-03-23, 09:47:37,  -07:00,       ,   27.2518787,  -81.4135971,   163.7, 30.14,    -8.5,  30.2,   0.00,   0.00,   -7.12,   1.42,  -0.03,  -0.01,   0.01, 272.5, 276.3,  27.7,  28.7,   4.8,  19.49,  21.13,     2.97,  180.89,   33.33,  14.46, 1047.0,    0.09,  251.57,  253.46,  248.66,  246.93,  253.28,  246.41, 1046.98, 1039.97, 1036.57, 1008.69, 1083.39, 1047.53,  948.76,  980.98,        ,        ,        ,         ,       ,       ,        ,        ,        ,   -97.7,   0,  GPS,    2.3, 108.70, 108.70, 127.200, 122.800,       ,       ,       ,       ,       ,       ,   -6.8,      0,  NONE,   NONE,      ,      ,  15.7,     3D, 3704,      ,       ,      ,       
2026-03-23, 09:47:38,  -07:00,       ,   27.2518787,  -81.4136047,   163.7, 30.14,    -4.8,  30.2,   0.00,   0.00,   -2.67,   1.43,  -0.07,  -0.00,  -0.00, 272.5, 276.3,  27.7,  28.7,   4.7,  19.49,  21.14,     2.95,  180.86,   33.20,  14.52, 1041.3,    0.09,  251.86,  253.80,  248.98,  247.27,  253.66,  246.82, 1049.26, 1040.64, 1036.88, 1009.92, 1085.46, 1049.64,  949.42,  982.52,        ,        ,        ,         ,       ,       ,        ,        ,        ,   -94.0,   0,  GPS,    2.3, 108.70, 108.70, 127.200, 122.800,       ,       ,       ,       ,       ,       ,   -6.8,      0,  NONE,   NONE,      ,      ,  15.7,     3D, 3704,      ,       ,      ,       
2026-03-23, 09:47:39,  -07:00,       ,   27.2518768,  -81.4136124,   162.7, 30.14,     1.3,  30.2,   0.00,   0.00,  -16.97,   1.40,  -0.04,  -0.01,  -0.00, 272.5, 276.3,  27.7,  28.7,   4.6,  19.48,  21.15,     2.94,  180.84,   33.07,  14.59, 1038.4,    0.09,  252.16,  254.14,  249.33,  247.57,  254.07,  247.25, 1048.27, 1040.94, 1037.64, 1009.76, 1086.01, 1049.55,  949.73,  982.44,        ,        ,        ,         ,       ,       ,        ,        ,        ,   -87.9,   0,  GPS,    2.3, 108.70, 108.70, 127.200, 122.800,       ,       ,       ,       ,       ,       ,   -6.8,      0,  NONE,   NONE,      ,      ,  15.7,     3D, 3704,      ,       ,      ,       
2026-03-23, 09:47:40,  -07:00,       ,   27.2518749,  -81.4136124,   163.7, 30.14,     5.5,  30.2,   0.00,   0.00,   -2.88,   1.40,  -0.02,  -0.00,   0.01, 272.5, 276.3,  27.7,  28.7,   4.5,  19.48,  21.16,     2.94,  180.80,   33.06,  14.60, 1040.0,    0.09,  252.45,  254.45,  249.64,  247.90,  254.45,  247.67, 1048.53, 1039.85, 1036.99, 1009.60, 1085.56, 1048.18,  949.42,  982.08,        ,        ,        ,         ,       ,       ,        ,        ,        ,   -83.8,   0,  GPS,    2.3, 108.70, 108.70, 127.200, 122.800,       ,       ,       ,       ,       ,       ,   -6.8,      0,  NONE,   NONE,      ,      ,   3.9,     3D, 3704,      ,       , 30797.5,       
2026-03-23, 09:47:41,  -07:00,       ,   27.2518730,  -81.4136200,   163.7, 30.14,    10.5,  30.2,   0.00,   0.00,   -0.60,   1.41,  -0.02,  -0.01,   0.00, 272.5, 276.3,  27.7,  28.7,   4.5,  19.48,  21.17,     2.95,  180.77,   33.10,  14.54, 1040.8,    0.09,  252.76,  254.79,  249.97,  248.23,  254.86,  248.10, 1048.63, 1040.03, 1037.35, 1011.50, 1083.83, 1048.94,  950.27,  982.15,        ,        ,        ,         ,       ,       ,        ,        ,        ,   -78.7,   0,  GPS,    2.3, 108.70, 108.70, 127.200, 122.800,       ,       ,       ,       ,       ,       ,   -6.8,      0,  NONE,   NONE,      ,      ,  23.6,     3D, 3704,      ,       , 28718.0,       
2026-03-23, 09:47:42,  -07:00,       ,   27.2518730,  -81.4136200,   162.7, 30.14,     9.3,  30.2,   0.00,   0.00,  -13.19,   1.43,  -0.01,  -0.01,  -0.01, 272.5, 276.3,  27.7,  28.7,   4.4,  19.48,  21.18,     2.92,  180.74,   33.36,  14.47, 1046.4,    0.09,  253.06,  255.10,  250.29,  248.56,  255.25,  248.51, 1048.68, 1039.53, 1036.91, 1010.63, 1082.91, 1048.22,  950.30,  981.25,        ,        ,        ,         ,       ,       ,        ,        ,        ,   -79.9,   0,  GPS,    2.3, 108.70, 108.70, 127.200, 122.800,       ,       ,       ,       ,       ,       ,   -6.8,      0,  NONE,   NONE,      ,      ,  15.7,     3D, 3704,      ,       , 26901.0,       
2026-03-23, 09:47:43,  -07:00,       ,   27.2518730,  -81.4136276,   163.7, 30.14,    18.8,  30.2,   0.00,   0.00,    0.80,   1.38,   0.00,  -0.02,   0.00, 272.5, 276.3,  27.8,  28.7,   4.4,  19.49,  21.20,     2.90,  180.71,   33.31,  14.50, 1043.4,    0.09,  253.38,  255.44,  250.60,  248.87,  255.66,  248.93, 1050.89, 1040.40, 1037.56, 1011.63, 1084.26, 1050.49,  951.41,  982.58,        ,        ,        ,         ,       ,       ,        ,        ,        ,   -70.4,   0,  GPS,    2.3, 108.70, 108.70, 127.200, 122.800,       ,       ,       ,       ,       ,       ,   -6.8,      0,  NONE,   NONE,      ,      ,  19.7,     3D, 3704,      ,       , 25296.5,       
2026-03-23, 09:47:44,  -07:00,       ,   27.2518711,  -81.4136353,   163.7, 30.14,    24.9,  30.2,   0.00,   0.00,    1.46,   1.41,  -0.03,  -0.01,   0.00, 272.5, 276.3,  27.7,  28.7,   4.3,  19.48,  21.20,     2.90,  180.67,   33.12,  14.55, 1039.2,    0.09,  253.67,  255.76,  250.93,  249.21,  256.04,  249.32, 1052.28, 1041.30, 1039.70, 1013.76, 1083.91, 1050.51,  952.55,  984.43,        ,        ,        ,         ,       ,       ,        ,        ,        ,   -64.3,   0,  GPS,    2.3, 108.70, 108.70, 127.200, 122.800,       ,       ,       ,       ,       ,       ,   -6.8,      0,  NONE,   NONE,      ,      ,  15.7,     3D, 3704,      ,       , 23874.0,       
2026-03-23, 09:47:45,  -07:00,       ,   27.2518711,  -81.4136429,   164.7, 30.14,    27.0,  30.2,   0.00,   0.00,   10.31,   1.42,  -0.01,   0.00,  -0.01, 272.5, 276.3,  27.7,  28.7,   4.2,  19.48,  21.21,     2.91,  180.63,   33.02,  14.56, 1038.8,    0.09,  253.99,  256.14,  251.24,  249.53,  256.46,  249.79, 1054.20, 1040.55, 1039.44, 1013.15, 1083.90, 1050.61,  952.35,  985.79,        ,        ,        ,         ,       ,       ,        ,        ,        ,   -62.2,   0,  GPS,    2.3, 108.70, 108.70, 127.200, 122.800,       ,       ,       ,       ,       ,       ,   -6.8,      0,  NONE,   NONE,      ,      ,  27.6,     3D, 3704,      ,       , 22602.0,       
2026-03-23, 09:47:46,  -07:00,       ,   27.2518692,  -81.4136505,   163.7, 30.14,    34.3,  30.2,   0.00,   0.00,    8.36,   1.42,   0.02,   0.00,   0.00, 272.5, 276.3,  27.7,  28.7,   4.2,  19.48,  21.22,     2.91,  180.60,   33.08,  14.58, 1037.1,    0.09,  254.29,  256.42,  251.57,  249.88,  256.84,  250.16, 1059.03, 1040.82, 1038.52, 1014.59, 1082.44, 1054.10,  953.41,  987.13,        ,        ,        ,         ,       ,       ,        ,        ,        ,   -54.9,   0,  GPS,    2.3, 108.70, 108.70, 127.200, 122.800,       ,       ,       ,       ,       ,       ,   -6.8,      0,  NONE,   NONE,      ,      ,  23.6,     3D, 3704,      ,       , 21458.0,       
2026-03-23, 09:47:47,  -07:00,       ,   27.2518692,  -81.4136581,   164.7, 30.14,    38.6,  30.5,   0.00,   0.00,   -3.55,   1.41,   0.04,  -0.01,   0.01, 272.5, 276.3,  27.7,  28.7,   4.1,  19.49,  21.23,     2.91,  180.55,   33.05,  14.62, 1037.6,    0.09,  254.61,  256.75,  251.89,  250.18,  257.26,  250.57, 1060.42, 1040.13, 1038.54, 1014.40, 1081.96, 1053.44,  953.10,  988.41,        ,        ,        ,         ,       ,       ,        ,        ,        ,   -50.6,   0,  GPS,    2.3, 108.70, 108.70, 127.200, 122.800,       ,       ,       ,       ,       ,       ,   -6.8,      0,  NONE,   NONE,      ,      ,  27.6,     3D, 3704,      ,       , 20422.5,       
2026-03-23, 09:47:48,  -07:00,       ,   27.2518597,  -81.4137344,   164.7, 30.14,   119.2,  30.5,   0.00,   0.00,    4.87,   1.43,   0.00,  -0.01,  -0.00, 272.5, 276.3,  27.7,  28.7,   4.1,  19.49,  21.23,     2.91,  180.52,   33.08,  14.62, 1037.8,    0.09,  254.92,  257.07,  252.19,  250.52,  257.64,  250.98, 1059.04, 1039.44, 1039.09, 1013.05, 1081.37, 1053.85,  952.70,  988.14,        ,        ,        ,         ,       ,       ,        ,        ,        ,    30.0,   0,  GPS,    2.3, 108.70, 108.70, 127.200, 122.800,       ,       ,       ,       ,       ,       ,   -6.8,      0,  NONE,   NONE,      ,      , -19.7,     3D, 3704,      ,       , 425.5,       
2026-03-23, 09:47:49,  -07:00,       ,   27.2518578,  -81.4137344,   164.7, 30.14,   115.9,  30.5,   0.00,   0.00,    4.69,   1.42,   0.00,  -0.01,   0.00, 272.5, 276.3,  27.7,  28.7,   4.1,  19.48,  21.23,     2.90,  180.49,   33.14,  14.55, 1040.6,    0.09,  255.25,  257.39,  252.53,  250.85,  258.05,  251.39, 1057.04, 1039.88, 1038.95, 1011.52, 1081.28, 1053.25,  952.89,  987.44,        ,        ,        ,         ,       ,       ,        ,        ,        ,    26.6,   0,  GPS,    2.3, 108.70, 108.70, 127.200, 122.800,       ,       ,       ,       ,       ,       ,   -6.8,      0,  NONE,   NONE,      ,      ,   7.9,     3D, 3704,      ,       , 425.5,       
2026-03-23, 09:47:50,  -07:00,       ,   27.2518578,  -81.4137344,   164.7, 30.14,   115.1,  30.5,   0.00,   0.00,   -1.13,   1.41,   0.02,  -0.01,   0.00, 272.5, 276.3,  27.8,  28.7,   4.0,  19.47,  21.23,     2.90,  180.48,   33.12,  14.60, 1039.7,    0.09,  255.56,  257.73,  252.85,  251.19,  258.41,  251.79, 1056.52, 1039.34, 1037.44, 1012.08, 1080.64, 1052.77,  953.10,  986.70,        ,        ,        ,         ,       ,       ,        ,        ,        ,    25.9,   0,  GPS,    2.3, 108.70, 108.70, 127.200, 122.800,       ,       ,       ,       ,       ,       ,   -6.8,      0,  NONE,   NONE,      ,      ,  -3.9,     3D, 3704,      ,       , 425.0,       
2026-03-23, 09:47:51,  -07:00,       ,   27.2518578,  -81.4137344,   163.7, 30.14,   115.9,  30.5,   0.00,   0.00,  -30.81,   1.44,   0.02,  -0.01,  -0.01, 272.5, 276.3,  27.7,  28.7,   3.9,  19.49,  21.24,     2.89,  180.47,   33.13,  14.62, 1038.5,    0.09,  255.88,  258.05,  253.17,  251.50,  258.81,  252.21, 1056.36, 1038.75, 1037.07, 1013.30, 1080.72, 1053.41,  953.42,  987.30,        ,        ,        ,         ,       ,       ,        ,        ,        ,    26.7,   0,  GPS,    2.3, 108.70, 108.70, 127.200, 122.800,       ,       ,       ,       ,       ,       ,   -6.8,      0,  NONE,   NONE,      ,      ,   7.9,     3D, 3704,      ,       , 424.5,       
2026-03-23, 09:47:52,  -07:00,       ,   27.2518559,  -81.4137344,   164.7, 30.14,   118.6,  30.5,   0.00,   0.00,    0.77,   1.42,   0.02,  -0.01,  -0.00, 272.5, 276.3,  27.8,  28.7,   3.9,  19.48,  21.25,     2.90,  180.44,   33.12,  14.63, 1038.5,    0.09,  256.19,  258.40,  253.49,  251.83,  259.17,  252.63, 1055.17, 1039.05, 1037.13, 1012.68, 1081.10, 1055.07,  953.85,  987.25,        ,        ,        ,         ,       ,       ,        ,        ,        ,    29.4,   0,  GPS,    2.3, 108.70, 108.70, 127.200, 122.800,       ,       ,       ,       ,       ,       ,   -6.8,      0,  NONE,   NONE,      ,      ,   0.0,     3D, 3704,      ,       , 424.0,       
2026-03-23, 09:47:53,  -07:00,       ,   27.2518559,  -81.4137421,   164.7, 30.14,   121.8,  30.5,   0.00,   0.00,    6.70,   1.45,   0.01,   0.00,   0.00, 272.5, 276.3,  27.8,  28.7,   3.8,  19.47,  21.26,     2.91,  180.42,   33.21,  14.56, 1042.9,    0.09,  256.52,  258.74,  253.81,  252.17,  259.57,  253.05, 1056.62, 1037.64, 1037.45, 1012.29, 1081.58, 1054.59,  953.26,  987.89,        ,        ,        ,         ,       ,       ,        ,        ,        ,    32.5,   0,  GPS,    2.3, 108.70, 108.70, 127.200, 122.800,       ,       ,       ,       ,       ,       ,   -6.8,      0,  NONE,   NONE,      ,      ,   0.0,     3D, 3704,      ,       , 423.5,       
2026-03-23, 09:47:54,  -07:00,       ,   27.2518539,  -81.4137421,   165.7, 30.14,   125.3,  30.5,   0.00,   0.00,   11.71,   1.44,   0.05,  -0.01,  -0.01, 272.5, 276.3,  27.8,  28.7,   3.8,  19.46,  21.26,     2.91,  180.39,   33.25,  14.57, 1041.3,    0.09,  256.83,  259.03,  254.13,  252.51,  259.92,  253.41, 1056.63, 1037.56, 1038.79, 1012.99, 1082.65, 1057.20,  954.17,  988.78,        ,        ,        ,         ,       ,       ,        ,        ,        ,    36.1,   0,  GPS,    2.3, 108.70, 108.70, 127.200, 122.800,       ,       ,       ,       ,       ,       ,   -6.8,      0,  NONE,   NONE,      ,      ,   3.9,     3D, 3704,      ,       , 423.0,       
2026-03-23, 09:47:55,  -07:00,       ,   27.2518463,  -81.4137573,   164.7, 30.14,   142.6,  30.5,   0.00,   0.00,  -11.14,   1.44,   0.04,  -0.00,   0.01, 272.5, 276.3,  27.8,  28.7,   3.7,  19.46,  21.26,     2.90,  180.40,   33.33,  14.54, 1044.3,    0.09,  257.18,  259.39,  254.46,  252.82,  260.31,  253.86, 1055.93, 1037.67, 1039.20, 1014.15, 1083.61, 1056.65,  954.39,  988.75,        ,        ,        ,         ,       ,       ,        ,        ,        ,    53.3,   0,  GPS,    2.3, 108.70, 108.70, 127.200, 122.800,       ,       ,       ,       ,       ,       ,   -6.8,      0,  NONE,   NONE,      ,      ,   0.0,     3D, 3704,      ,       , 179.5,       
2026-03-23, 09:47:56,  -07:00,       ,   27.2518463,  -81.4137650,   164.7, 30.14,   148.1,  30.5,   0.00,   0.00,   -8.64,   1.44,   0.05,  -0.00,   0.01, 272.5, 276.3,  27.8,  28.7,   3.7,  19.45,  21.27,     2.88,  180.39,   33.26,  14.55, 1041.6,    0.09,  257.49,  259.71,  254.77,  253.16,  260.67,  254.24, 1054.79, 1038.79, 1039.65, 1014.99, 1084.89, 1056.74,  954.97,  988.60,        ,        ,        ,         ,       ,       ,        ,        ,        ,    58.9,   0,  GPS,    2.3, 108.70, 108.70, 127.200, 122.800,       ,       ,       ,       ,       ,       ,   -6.8,      0,  NONE,   NONE,      ,      ,   0.0,     3D, 3704,      ,       , 179.5,       
2026-03-23, 09:47:57,  -07:00,       ,   27.2518463,  -81.4137573,   164.7, 30.14,   147.4,  30.5,   0.00,   0.00,  -13.88,   1.42,   0.03,   0.00,   0.00, 272.5, 276.3,  27.8,  28.7,   3.7,  19.46,  21.27,     2.87,  180.44,   33.34,  14.50, 1046.5,    0.09,  257.83,  260.05,  255.08,  253.46,  261.03,  254.65, 1055.96, 1040.40, 1039.43, 1015.50, 1084.68, 1057.65,  955.79,  989.13,        ,        ,        ,         ,       ,       ,        ,        ,        ,    58.2,   0,  GPS,    2.3, 108.70, 108.70, 127.200, 122.800,       ,       ,       ,       ,       ,       ,   -6.8,      0,  NONE,   NONE,      ,      ,   0.0,     3D, 3704,      ,       , 179.0,       
2026-03-23, 09:47:58,  -07:00,       ,   27.2518463,  -81.4137573,   164.7, 30.14,   146.8,  30.5,   0.00,   0.00,   -6.08,   1.44,   0.07,  -0.01,   0.00, 272.5, 276.3,  27.8,  28.7,   3.6,  19.46,  21.26,     2.88,  180.51,   33.49,  14.50, 1050.4,    0.09,  258.14,  260.32,  255.39,  253.82,  261.37,  255.01, 1054.17, 1040.38, 1038.97, 1014.77, 1083.61, 1057.62,  955.67,  988.25,        ,        ,        ,         ,       ,       ,        ,        ,        ,    57.6,   0,  GPS,    2.3, 108.70, 108.70, 127.200, 122.800,       ,       ,       ,       ,       ,       ,   -6.8,      0,  NONE,   NONE,      ,      ,   0.0,     3D, 3704,      ,       , 179.0,       
2026-03-23, 09:47:59,  -07:00,       ,   27.2518444,  -81.4137573,   165.7, 30.14,   147.1,  30.5,   0.00,   0.00,    7.30,   1.43,   0.08,  -0.00,  -0.00, 272.5, 276.3,  27.8,  28.7,   3.6,  19.45,  21.27,     2.90,  180.62,   33.47,  14.46, 1049.8,    0.09,  258.48,  260.69,  255.73,  254.13,  261.73,  255.44, 1053.57, 1040.23, 1038.69, 1014.46, 1084.38, 1056.94,  955.81,  987.54,        ,        ,        ,         ,       ,       ,        ,        ,        ,    57.9,   0,  GPS,    2.3, 108.70, 108.70, 127.200, 122.800,       ,       ,       ,       ,       ,       ,   -6.8,      0,  NONE,   NONE,      ,      ,   0.0,     3D, 3704,      ,       , 178.5,       
2026-03-23, 09:48:00,  -07:00,       ,   27.2518444,  -81.4137650,   164.7, 30.14,   148.3,  30.5,   0.00,   0.00,   -4.39,   1.42,   0.10,  -0.02,  -0.00, 272.5, 276.3,  27.8,  28.7,   3.5,  19.45,  21.26,     2.91,  180.69,   33.47,  14.49, 1049.3,    0.09,  258.80,  261.01,  256.03,  254.47,  262.06,  255.82, 1052.27, 1040.69, 1039.42, 1015.79, 1085.22, 1058.02,  956.19,  987.19,        ,        ,        ,         ,       ,       ,        ,        ,        ,    59.0,   0,  GPS,    2.3, 108.70, 108.70, 127.200, 122.800,       ,       ,       ,       ,       ,       ,   -6.8,      0,  NONE,   NONE,      ,      ,   7.9,     3D, 3704,      ,       ,  71.5,       
2026-03-23, 09:48:01,  -07:00,       ,   27.2518444,  -81.4137650,   165.7, 30.14,   147.3,  30.5,   0.00,   0.00,    4.39,   1.40,   0.03,  -0.00,  -0.00, 272.5, 276.3,  27.7,  28.7,   3.5,  19.45,  21.25,     2.88,  180.73,   33.36,  14.51, 1045.4,    0.09,  259.13,  261.34,  256.36,  254.79,  262.42,  256.22, 1053.02, 1041.11, 1039.75, 1015.80, 1086.02, 1059.18,  956.41,  987.96,        ,        ,        ,         ,       ,       ,        ,        ,        ,    58.1,   0,  GPS,    2.3, 108.70, 108.70, 127.200, 122.800,       ,       ,       ,       ,       ,       ,   -6.8,      0,  NONE,   NONE,      ,      ,   0.0,     3D, 3704,      ,       ,  72.5,       
2026-03-23, 09:48:02,  -07:00,       ,   27.2518463,  -81.4137650,   164.7, 30.14,   148.1,  30.5,   0.00,   0.00,   -8.13,   1.40,   0.01,  -0.02,  -0.01, 272.5, 276.3,  27.7,  28.7,   3.5,  19.44,  21.25,     2.88,  180.76,   33.39,  14.53, 1044.7,    0.09,  259.45,  261.65,  256.67,  255.12,  262.75,  256.60, 1054.73, 1040.69, 1038.72, 1014.78, 1086.05, 1059.76,  956.33,  988.11,        ,        ,        ,         ,       ,       ,        ,        ,        ,    58.9,   0,  GPS,    2.3, 108.70, 108.70, 127.200, 122.800,       ,       ,       ,       ,       ,       ,   -6.8,      0,  NONE,   NONE,      ,      ,   0.0,     3D, 3704,      ,       ,  72.5,       
2026-03-23, 09:48:03,  -07:00,       ,   27.2518463,  -81.4137650,   164.7, 30.14,   148.1,  30.5,   0.00,   0.00,  -21.06,   1.41,   0.01,   0.00,   0.00, 272.6, 276.3,  27.7,  28.7,   3.4,  19.42,  21.24,     2.90,  180.77,   33.35,  14.55, 1045.3,    0.09,  259.79,  261.97,  256.99,  255.44,  263.11,  257.00, 1054.61, 1041.08, 1038.25, 1015.66, 1086.74, 1059.51,  956.62,  988.32,        ,        ,        ,         ,       ,       ,        ,        ,        ,    58.9,   0,  GPS,    2.3, 108.70, 108.70, 127.200, 122.800,       ,       ,       ,       ,       ,       ,   -6.8,      0,  NONE,   NONE,      ,      ,   0.0,     3D, 3704,      ,       ,  72.5,       
2026-03-23, 09:48:04,  -07:00,       ,   27.2518444,  -81.4137573,   163.7, 30.14,   147.9,  30.5,   0.00,   0.00,  -34.03,   1.41,   0.03,  -0.01,  -0.01, 272.6, 276.3,  27.8,  28.7,   3.4,  19.43,  21.24,     2.88,  180.79,   33.20,  14.60, 1042.1,    0.09,  260.09,  262.29,  257.29,  255.77,  263.45,  257.38, 1049.28, 1042.56, 1039.26, 1015.94, 1087.63, 1059.96,  957.43,  986.75,        ,        ,        ,         ,       ,       ,        ,        ,        ,    58.6,   0,  GPS,    2.3, 108.70, 108.70, 127.200, 122.800,       ,       ,       ,       ,       ,       ,   -6.8,      0,  NONE,   NONE,      ,      ,   0.0,     3D, 3704,      ,       ,  72.5,       
2026-03-23, 09:48:05,  -07:00,       ,   27.2518463,  -81.4137573,   163.7, 30.14,   147.4,  30.5,   0.00,   0.00,  -26.19,   1.41,   0.04,  -0.01,  -0.01, 272.6, 276.3,  27.8,  28.7,   3.3,  19.42,  21.23,     2.87,  180.78,   33.31,  14.54, 1044.1,    0.09,  260.45,  262.60,  257.61,  256.09,  263.82,  257.75, 1051.97, 1042.24, 1040.62, 1016.49, 1088.92, 1058.65,  957.53,  988.30,        ,        ,        ,         ,       ,       ,        ,        ,        ,    58.2,   0,  GPS,    2.3, 108.70, 108.70, 127.200, 122.800,       ,       ,       ,       ,       ,       ,   -6.8,      0,  NONE,   NONE,      ,      ,   0.0,     3D, 3704,      ,       ,  72.5,       
2026-03-23, 09:48:06,  -07:00,       ,   27.2518463,  -81.4137573,   164.7, 30.14,   147.0,  30.5,   0.00,   0.00,  -14.04,   1.43,   0.05,  -0.01,  -0.00, 272.6, 276.3,  27.8,  28.7,   3.3,  19.42,  21.23,     2.86,  180.75,   33.41,  14.55, 1047.9,    0.09,  260.74,  262.92,  257.92,  256.42,  264.15,  258.13, 1054.45, 1041.72, 1043.03, 1017.19, 1090.08, 1058.52,  958.06,  990.65,        ,        ,        ,         ,       ,       ,        ,        ,        ,    57.8,   0,  GPS,    2.3, 108.70, 108.70, 127.200, 122.800,       ,       ,       ,       ,       ,       ,   -6.8,      0,  NONE,   NONE,      ,      ,   0.0,     3D, 3704,      ,       ,  72.5,       
2026-03-23, 09:48:07,  -07:00,       ,   27.2518463,  -81.4137573,   164.7, 30.14,   146.6,  30.5,   0.00,   0.00,   -3.46,   1.45,   0.05,  -0.01,  -0.00, 272.7, 276.3,  27.8,  28.7,   3.2,  19.42,  21.22,     2.88,  180.74,   33.48,  14.53, 1048.9,    0.09,  261.10,  263.24,  258.25,  256.73,  264.50,  258.52, 1054.65, 1041.82, 1043.64, 1018.31, 1090.40, 1058.94,  958.01,  991.00,        ,        ,        ,         ,       ,       ,        ,        ,        ,    57.4,   0,  GPS,    2.3, 108.70, 108.70, 127.200, 122.800,       ,       ,       ,       ,       ,       ,   -6.8,      0,  NONE,   NONE,      ,      ,   0.0,     3D, 3704,      ,       ,  72.5,       
2026-03-23, 09:48:08,  -07:00,       ,   27.2518444,  -81.4137573,   164.7, 30.14,   146.6,  30.5,   0.00,   0.00,    1.06,   1.46,   0.07,  -0.01,  -0.01, 272.7, 276.3,  27.8,  28.7,   3.2,  19.41,  21.21,     2.89,  180.69,   33.59,  14.52, 1049.5,    0.09,  261.40,  263.55,  258.55,  257.06,  264.83,  258.90, 1055.20, 1042.18, 1044.88, 1020.30, 1091.45, 1060.85,  958.88,  991.87,        ,        ,        ,         ,       ,       ,        ,        ,        ,    57.3,   0,  GPS,    2.3, 108.70, 108.70, 127.200, 122.800,       ,       ,       ,       ,       ,       ,   -6.8,      0,  NONE,   NONE,      ,      ,   0.0,     3D, 3704,      ,       ,  72.5,       
2026-03-23, 09:48:09,  -07:00,       ,   27.2518444,  -81.4137573,   164.7, 30.14,   147.0,  30.5,   0.00,   0.00,    0.36,   1.46,   0.03,   0.01,   0.00, 272.7, 276.3,  27.8,  28.7,   3.2,  19.41,  21.20,     2.88,  180.69,   33.68,  14.43, 1052.2,    0.09,  261.74,  263.91,  258.86,  257.37,  265.19,  259.34, 1055.82, 1042.21, 1044.87, 1022.49, 1093.50, 1061.06,  959.15,  992.03,        ,        ,        ,         ,       ,       ,        ,        ,        ,    57.8,   0,  GPS,    2.3, 108.70, 108.70, 127.200, 122.800,       ,       ,       ,       ,       ,       ,   -6.8,      0,  NONE,   NONE,      ,      ,   0.0,     3D, 3704,      ,       ,  72.5,       
2026-03-23, 09:48:10,  -07:00,       ,   27.2518444,  -81.4137573,   165.7, 30.14,   147.4,  30.5,   0.00,   0.00,   25.88,   1.46,   0.10,  -0.03,  -0.00, 272.7, 276.3,  27.8,  28.7,   3.2,  19.39,  21.20,     2.88,  180.67,   33.69,  14.51, 1051.7,    0.09,  262.07,  264.21,  259.14,  257.69,  265.53,  259.70, 1055.94, 1041.59, 1044.84, 1022.53, 1095.26, 1060.75,  959.21,  992.39,        ,        ,        ,         ,       ,       ,        ,        ,        ,    58.1,   0,  GPS,    2.3, 108.70, 108.70, 127.200, 122.800,       ,       ,       ,       ,       ,       ,   -6.8,      0,  NONE,   NONE,      ,      ,   0.0,     3D, 3704,      ,       ,  72.0,       
2026-03-23, 09:48:11,  -07:00,       ,   27.2518444,  -81.4137573,   165.7, 30.14,   147.2,  30.5,   0.00,   0.00,   15.95,   1.46,   0.11,  -0.02,   0.00, 272.7, 276.3,  27.8,  28.7,   3.1,  19.40,  21.19,     2.89,  180.64,   33.64,  14.47, 1051.6,    0.09,  262.41,  264.51,  259.47,  258.01,  265.90,  260.07, 1055.93, 1041.01, 1045.98, 1021.75, 1096.11, 1059.87,  958.58,  992.34,        ,        ,        ,         ,       ,       ,        ,        ,        ,    58.0,   0,  GPS,    2.3, 108.70, 108.70, 127.200, 122.800,       ,       ,       ,       ,       ,       ,   -6.8,      0,  NONE,   NONE,      ,      ,   0.0,     3D, 3704,      ,       ,  72.0,       
2026-03-23, 09:48:12,  -07:00,       ,   27.2518444,  -81.4137573,   165.7, 30.14,   147.1,  30.5,   0.00,   0.00,  -10.93,   1.47,   0.13,  -0.01,  -0.01, 272.7, 276.3,  27.8,  28.7,   3.1,  19.39,  21.19,     2.89,  180.64,   33.56,  14.51, 1048.9,    0.09,  262.71,  264.81,  259.76,  258.34,  266.25,  260.44, 1056.18, 1041.57, 1047.21, 1023.42, 1096.59, 1061.04,  959.16,  993.18,        ,        ,        ,         ,       ,       ,        ,        ,        ,    57.9,   0,  GPS,    2.3, 108.70, 108.70, 127.200, 122.800,       ,       ,       ,       ,       ,       ,   -6.8,      0,  NONE,   NONE,      ,      ,   0.0,     3D, 3704,      ,       ,  72.0,       
2026-03-23, 09:48:13,  -07:00,       ,   27.2518444,  -81.4137573,   164.7, 30.14,   147.3,  30.5,   0.00,   0.00,  -13.72,   1.51,   0.13,  -0.00,  -0.00, 272.6, 276.3,  27.8,  28.7,   3.0,  19.37,  21.19,     2.87,  180.61,   33.62,  14.45, 1052.1,    0.09,  263.06,  265.14,  260.07,  258.64,  266.60,  260.82, 1057.82, 1042.87, 1048.13, 1025.02, 1097.93, 1062.53,  960.02,  994.16,        ,        ,        ,         ,       ,       ,        ,        ,        ,    58.0,   0,  GPS,    2.3, 108.70, 108.70, 127.200, 122.800,       ,       ,       ,       ,       ,       ,   -6.8,      0,  NONE,   NONE,      ,      ,   0.0,     3D, 3704,      ,       ,  72.0,       
2026-03-23, 09:48:14,  -07:00,       ,   27.2518444,  -81.4137573,   164.7, 30.14,   147.1,  30.5,   0.00,   0.00,  -23.90,   1.49,   0.16,  -0.01,  -0.01, 272.7, 276.3,  27.8,  28.7,   3.0,  19.37,  21.19,     2.89,  180.56,   33.71,  14.48, 1051.5,    0.09,  263.37,  265.45,  260.38,  258.95,  266.93,  261.20, 1059.72, 1042.79, 1047.14, 1024.81, 1097.02, 1061.93,  959.99,  993.97,        ,        ,        ,         ,       ,       ,        ,        ,        ,    57.9,   0,  GPS,    2.3, 108.70, 108.70, 127.200, 122.800,       ,       ,       ,       ,       ,       ,   -6.8,      0,  NONE,   NONE,      ,      ,   0.0,     3D, 3704,      ,       ,  72.0,       
2026-03-23, 09:48:15,  -07:00,       ,   27.2518444,  -81.4137573,   165.7, 30.14,   147.0,  30.5,   0.00,   0.00,   -2.10,   1.53,   0.16,  -0.00,  -0.00, 272.7, 276.3,  27.8,  28.7,   3.0,  19.37,  21.18,     2.89,  180.53,   33.79,  14.45, 1052.4,    0.09,  263.71,  265.78,  260.70,  259.27,  267.26,  261.62, 1060.82, 1042.69, 1047.69, 1024.73, 1095.76, 1061.50,  960.29,  994.59,        ,        ,        ,         ,       ,       ,        ,        ,        ,    57.8,   0,  GPS,    2.3, 108.70, 108.70, 127.200, 122.800,       ,       ,       ,       ,       ,       ,   -6.8,      0,  NONE,   NONE,      ,      ,   0.0,     3D, 3704,      ,       ,  72.0,       
2026-03-23, 09:48:16,  -07:00,       ,   27.2518425,  -81.4137573,   165.7, 30.14,   147.0,  30.5,   0.00,   0.00,   -0.67,   1.51,   0.20,  -0.01,  -0.02, 272.7, 276.3,  27.8,  28.7,   3.0,  19.37,  21.18,     2.92,  180.51,   33.81,  14.44, 1054.2,    0.09,  264.04,  266.09,  261.00,  259.57,  267.59,  261.98, 1059.25, 1043.00, 1047.83, 1025.22, 1095.65, 1061.64,  960.64,  994.05,        ,        ,        ,         ,       ,       ,        ,        ,        ,    57.7,   0,  GPS,    2.3, 108.70, 108.70, 127.200, 122.800,       ,       ,       ,       ,       ,       ,   -6.8,      0,  NONE,   NONE,      ,      ,  -3.9,     3D, 3704,      ,       ,  72.0,       
2026-03-23, 09:48:17,  -07:00,       ,   27.2518425,  -81.4137573,   165.7, 30.14,   147.1,  30.5,   0.00,   0.00,   -6.79,   1.49,   0.16,  -0.01,   0.00, 272.7, 276.3,  27.8,  28.7,   2.9,  19.37,  21.17,     2.89,  180.51,   33.80,  14.46, 1054.9,    0.09,  264.39,  266.39,  261.29,  259.89,  267.92,  262.33, 1059.90, 1045.35, 1048.70, 1026.05, 1095.29, 1062.42,  962.19,  994.60,        ,        ,        ,         ,       ,       ,        ,        ,        ,    57.9,   0,  GPS,    2.3, 108.70, 108.70, 127.200, 122.800,       ,       ,       ,       ,       ,       ,   -6.8,      0,  NONE,   NONE,      ,      ,   3.9,     3D, 3704,      ,       ,  72.0,       
2026-03-23, 09:48:18,  -07:00,       ,   27.2518425,  -81.4137573,   164.7, 30.14,   147.0,  30.5,   0.00,   0.00,  -26.31,   1.49,   0.20,  -0.02,  -0.01, 272.7, 276.3,  27.8,  28.7,   2.9,  19.37,  21.17,     2.91,  180.49,   33.92,  14.47, 1057.5,    0.09,  264.69,  266.69,  261.59,  260.19,  268.25,  262.70, 1060.20, 1046.99, 1049.02, 1027.15, 1096.17, 1062.96,  962.95,  994.73,        ,        ,        ,         ,       ,       ,        ,        ,        ,    57.8,   0,  GPS,    2.3, 108.70, 108.70, 127.200, 122.800,       ,       ,       ,       ,       ,       ,   -6.8,      0,  NONE,   NONE,      ,      ,   0.0,     3D, 3704,      ,       ,  72.0,       
2026-03-23, 09:48:19,  -07:00,       ,   27.2518425,  -81.4137573,   163.7, 30.14,   147.0,  30.5,   0.00,   0.00,  -32.89,   1.52,   0.23,  -0.01,   0.00, 272.7, 276.3,  27.8,  28.7,   2.8,  19.37,  21.18,     2.90,  180.50,   33.89,  14.43, 1057.3,    0.09,  265.06,  267.03,  261.90,  260.49,  268.58,  263.10, 1060.57, 1046.41, 1049.77, 1026.28, 1095.63, 1062.92,  962.64,  994.95,        ,        ,        ,         ,       ,       ,        ,        ,        ,    57.7,   0,  GPS,    2.3, 108.70, 108.70, 127.200, 122.800,       ,       ,       ,       ,       ,       ,   -6.8,      0,  NONE,   NONE,      ,      ,   0.0,     3D, 3704,      ,       ,  72.0,       
2026-03-23, 09:48:20,  -07:00,       ,   27.2518425,  -81.4137573,   163.7, 30.14,   147.0,  30.5,   0.00,   0.00,  -31.85,   1.52,   0.27,  -0.01,  -0.00, 272.7, 276.3,  27.8,  28.7,   2.8,  19.37,  21.18,     2.90,  180.51,   33.83,  14.43, 1055.7,    0.09,  265.36,  267.33,  262.19,  260.79,  268.89,  263.44, 1059.73, 1047.57, 1048.94, 1025.89, 1095.55, 1062.35,  963.13,  993.90,        ,        ,        ,         ,       ,       ,        ,        ,        ,    57.8,   0,  GPS,    2.3, 108.70, 108.70, 127.200, 122.800,       ,       ,       ,       ,       ,       ,   -6.8,      0,  NONE,   NONE,      ,      ,   0.0,     3D, 3704,      ,       ,  72.0,       
2026-03-23, 09:48:21,  -07:00,       ,   27.2518425,  -81.4137573,   163.7, 30.14,   147.2,  30.5,   0.00,   0.00,  -20.53,   1.54,   0.27,  -0.01,  -0.00, 272.7, 276.3,  27.7,  28.7,   2.8,  19.38,  21.17,     2.90,  180.54,   33.73,  14.53, 1051.1,    0.09,  265.70,  267.60,  262.49,  261.09,  269.21,  263.79, 1058.26, 1047.04, 1049.35, 1026.18, 1097.34, 1061.59,  962.76,  994.15,        ,        ,        ,         ,       ,       ,        ,        ,        ,    58.0,   0,  GPS,    2.3, 108.70, 108.70, 127.200, 122.800,       ,       ,       ,       ,       ,       ,   -6.8,      0,  NONE,   NONE,      ,      ,   0.0,     3D, 3704,      ,       ,  72.0,       
2026-03-23, 09:48:22,  -07:00,       ,   27.2518425,  -81.4137573,   164.7, 30.14,   147.3,  30.5,   0.00,   0.00,   -2.85,   1.52,   0.30,  -0.02,  -0.01, 272.6, 276.3,  27.7,  28.7,   2.8,  19.38,  21.18,     2.90,  180.55,   33.53,  14.59, 1045.3,    0.09,  266.02,  267.90,  262.79,  261.39,  269.51,  264.14, 1059.99, 1047.53, 1049.96, 1026.71, 1097.02, 1062.21,  963.53,  995.89,        ,        ,        ,         ,       ,       ,        ,        ,        ,    58.1,   0,  GPS,    2.3, 108.70, 108.70, 127.200, 122.800,       ,       ,       ,       ,       ,       ,   -6.8,      0,  NONE,   NONE,      ,      ,   0.0,     3D, 3704,      ,       ,  72.0,       
2026-03-23, 09:48:23,  -07:00,       ,   27.2518425,  -81.4137573,   163.7, 30.14,   147.3,  30.5,   0.00,   0.00,  -10.33,   1.54,   0.31,  -0.01,   0.00, 272.6, 276.3,  27.7,  28.7,   2.8,  19.39,  21.19,     2.89,  180.58,   33.52,  14.54, 1049.9,    0.09,  266.36,  268.20,  263.10,  261.69,  269.82,  264.52, 1059.81, 1048.50, 1051.70, 1027.32, 1097.36, 1062.30,  964.02,  996.75,        ,        ,        ,         ,       ,       ,        ,        ,        ,    58.1,   0,  GPS,    2.3, 108.70, 108.70, 127.200, 122.800,       ,       ,       ,       ,       ,       ,   -6.8,      0,  NONE,   NONE,      ,      ,   0.0,     3D, 3704,      ,       ,  72.0,       
2026-03-23, 09:48:24,  -07:00,       ,   27.2518444,  -81.4137650,   164.7, 30.14,   142.9,  30.5,   0.00,   0.00,    6.88,   1.53,   0.34,  -0.00,  -0.00, 272.7, 276.3,  27.8,  28.7,   2.7,  19.39,  21.19,     2.88,  180.60,   33.67,  14.46, 1054.7,    0.09,  266.68,  268.52,  263.36,  261.98,  270.10,  264.90, 1060.16, 1049.03, 1052.46, 1025.92, 1097.69, 1062.00,  964.33,  997.24,        ,        ,        ,         ,       ,       ,        ,        ,        ,    53.6,   0,  GPS,    2.3, 108.70, 108.70, 127.200, 122.800,       ,       ,       ,       ,       ,       ,   -6.8,      0,  NONE,   NONE,      ,      ,   0.0, 3DDiff, 3704,      ,     42,  71.0,     73
2026-03-23, 09:48:25,  -07:00,       ,   27.2518425,  -81.4137650,   164.7, 30.14,   144.2,  30.5,   0.00,   0.00,    8.38,   1.53,   0.36,  -0.02,  -0.01, 272.6, 276.3,  27.8,  28.7,   2.7,  19.40,  21.20,     2.90,  180.61,   34.25,  14.29, 1074.6,    0.09,  267.02,  268.80,  263.68,  262.27,  270.41,  265.23, 1060.03, 1049.22, 1052.59, 1026.29, 1097.76, 1061.78,  964.40,  997.54,        ,        ,        ,         ,       ,       ,        ,        ,        ,    54.9,   0,  GPS,    2.3, 108.70, 108.70, 127.200, 122.800,       ,       ,       ,       ,       ,       ,   -6.8,      0,  NONE,   NONE,      ,      ,   0.0, 3DDiff, 3704,      ,     42,  71.0,     73
2026-03-23, 09:48:26,  -07:00,       ,   27.2518425,  -81.4137650,   164.7, 30.14,   144.3,  30.5,   0.00,   0.00,    2.02,   1.49,   0.35,  -0.00,   0.00, 272.6, 276.3,  27.8,  28.7,   2.6,  19.40,  21.20,     2.92,  180.63,   34.76,  14.13, 1084.0,    0.09,  267.34,  269.09,  263.96,  262.57,  270.69,  265.59, 1064.06, 1050.14, 1053.30, 1028.88, 1099.31, 1062.47,  965.41, 1000.55,        ,        ,        ,         ,       ,       ,        ,        ,        ,    55.1,   0,  GPS,    2.3, 108.70, 108.70, 127.200, 122.800,       ,       ,       ,       ,       ,       ,   -6.8,      0,  NONE,   NONE,      ,      ,   0.0, 3DDiff, 3704,      ,     42,  70.5,     73
2026-03-23, 09:48:27,  -07:00,       ,   27.2518425,  -81.4137650,   165.7, 30.14,   144.4,  30.5,   0.00,   0.00,    8.45,   1.55,   0.36,  -0.01,  -0.01, 272.6, 276.3,  27.8,  28.7,   2.6,  19.40,  21.20,     2.94,  180.67,   34.94,  14.12, 1085.3,    0.09,  267.67,  269.39,  264.25,  262.85,  270.97,  265.94, 1063.83, 1052.14, 1054.03, 1028.17, 1100.42, 1063.29,  966.30, 1000.56,        ,        ,        ,         ,       ,       ,        ,        ,        ,    55.2,   0,  GPS,    2.3, 108.70, 108.70, 127.200, 122.800,       ,       ,       ,       ,       ,       ,   -6.8,      0,  NONE,   NONE,      ,      ,   3.9, 3DDiff, 3704,      ,     42,  70.5,     73
2026-03-23, 09:48:28,  -07:00,       ,   27.2518425,  -81.4137650,   165.7, 30.14,   144.4,  30.5,   0.00,   0.00,   17.01,   1.53,   0.37,   0.00,   0.00, 272.6, 276.3,  27.8,  28.7,   2.6,  19.40,  21.20,     2.94,  180.71,   34.98,  14.12, 1083.4,    0.09,  267.98,  269.67,  264.52,  263.15,  271.26,  266.29, 1063.35, 1052.61, 1054.79, 1029.11, 1100.91, 1063.91,  966.26, 1000.46,        ,        ,        ,         ,       ,       ,        ,        ,        ,    55.2,   0,  GPS,    2.3, 108.70, 108.70, 127.200, 122.800,       ,       ,       ,       ,       ,       ,   -6.8,      0,  NONE,   NONE,      ,      ,   0.0, 3DDiff, 3704,      ,     42,  70.5,     73
2026-03-23, 09:48:29,  -07:00,       ,   27.2518425,  -81.4137650,   165.7, 30.14,   144.7,  30.5,   0.00,   0.00,    9.30,   1.53,   0.37,   0.00,  -0.01, 272.6, 276.3,  27.8,  28.7,   2.6,  19.41,  21.21,     2.95,  180.74,   34.96,  14.12, 1084.4,    0.09,  268.32,  269.95,  264.83,  263.43,  271.53,  266.65, 1062.32, 1053.82, 1054.45, 1030.13, 1101.60, 1064.82,  966.84, 1000.01,        ,        ,        ,         ,       ,       ,        ,        ,        ,    55.4,   0,  GPS,    2.3, 108.70, 108.70, 127.200, 122.800,       ,       ,       ,       ,       ,       ,   -6.8,      0,  NONE,   NONE,      ,      ,   0.0, 3DDiff, 3704,      ,     42,  70.5,     73
2026-03-23, 09:48:30,  -07:00,       ,   27.2518425,  -81.4137573,   164.7, 30.14,   144.7,  30.8,   0.00,   0.00,  -12.35,   1.52,   0.38,  -0.00,  -0.00, 272.6, 276.3,  27.8,  28.7,   2.5,  19.40,  21.21,     2.95,  180.77,   34.91,  14.12, 1084.2,    0.09,  268.63,  270.25,  265.11,  263.70,  271.79,  266.98, 1064.52, 1054.46, 1054.09, 1031.81, 1103.07, 1065.55,  967.64, 1001.18,        ,        ,        ,         ,       ,       ,        ,        ,        ,    55.5,   0,  GPS,    2.3, 108.70, 108.70, 127.200, 122.800,       ,       ,       ,       ,       ,       ,   -6.8,      0,  NONE,   NONE,      ,      ,   0.0, 3DDiff, 3704,      ,     42,  71.0,     73
2026-03-23, 09:48:31,  -07:00,       ,   27.2518444,  -81.4137573,   164.7, 30.14,   143.4,  30.8,   0.00,   0.00,  -30.02,   1.55,   0.41,  -0.01,  -0.00, 272.6, 276.3,  27.8,  28.7,   2.5,  19.40,  21.22,     2.93,  180.80,   35.03,  14.10, 1086.2,    0.09,  268.97,  270.55,  265.41,  264.00,  272.06,  267.33, 1063.27, 1055.36, 1053.65, 1032.04, 1102.90, 1066.24,  968.19, 1000.86,        ,        ,        ,         ,       ,       ,        ,        ,        ,    54.1,   0,  GPS,    2.3, 108.70, 108.70, 127.200, 122.800,       ,       ,       ,       ,       ,       ,   -6.8,      0,  NONE,   NONE,      ,      ,   0.0, 3DDiff, 3704,      ,     42,  70.5,     73
2026-03-23, 09:48:32,  -07:00,       ,   27.2518425,  -81.4137573,   164.7, 30.14,   143.4,  30.8,   0.00,   0.00,  -19.84,   1.55,   0.41,  -0.01,   0.00, 272.6, 276.3,  27.8,  28.7,   2.4,  19.41,  21.23,     2.93,  180.82,   35.15,  14.07, 1088.7,    0.09,  269.28,  270.82,  265.69,  264.27,  272.30,  267.66, 1063.70, 1056.19, 1053.67, 1032.18, 1104.03, 1067.50,  968.39, 1001.08,        ,        ,        ,         ,       ,       ,        ,        ,        ,    54.2,   0,  GPS,    2.3, 108.70, 108.70, 127.200, 122.800,       ,       ,       ,       ,       ,       ,   -6.8,      0,  NONE,   NONE,      ,      ,   0.0, 3DDiff, 3704,      ,     42,  70.5,     72
2026-03-23, 09:48:33,  -07:00,       ,   27.2518425,  -81.4137573,   164.7, 30.14,   143.5,  30.8,   0.00,   0.00,  -28.64,   1.57,   0.41,  -0.00,   0.01, 272.6, 276.3,  27.7,  28.7,   2.4,  19.40,  21.23,     2.94,  180.79,   35.15,  14.03, 1088.6,    0.09,  269.60,  271.14,  265.97,  264.56,  272.54,  268.04, 1061.84, 1056.13, 1054.27, 1032.80, 1104.50, 1068.79,  968.45, 1000.73,        ,        ,        ,         ,       ,       ,        ,        ,        ,    54.2,   0,  GPS,    2.3, 108.70, 108.70, 127.200, 122.800,       ,       ,       ,       ,       ,       ,   -6.8,      0,  NONE,   NONE,      ,      ,   0.0, 3DDiff, 3704,      ,     42,  70.5,     72
2026-03-23, 09:48:34,  -07:00,       ,   27.2518425,  -81.4137573,   164.7, 30.14,   143.5,  30.8,   0.00,   0.00,   -3.70,   1.55,   0.42,  -0.01,  -0.01, 272.6, 276.3,  27.7,  28.7,   2.4,  19.40,  21.23,     2.94,  180.79,   35.16,  14.10, 1087.4,    0.09,  269.92,  271.41,  266.26,  264.84,  272.78,  268.38, 1059.61, 1056.20, 1053.13, 1032.46, 1103.10, 1069.68,  968.53,  999.45,        ,        ,        ,         ,       ,       ,        ,        ,        ,    54.2,   0,  GPS,    2.3, 108.70, 108.70, 127.200, 122.800,       ,       ,       ,       ,       ,       ,   -6.8,      0,  NONE,   NONE,      ,      ,   3.9, 3DDiff, 3704,      ,     42,  70.5,     72
2026-03-23, 09:48:35,  -07:00,       ,   27.2518425,  -81.4137573,   163.7, 30.14,   143.4,  30.8,   0.00,   0.00,  -13.97,   1.56,   0.37,  -0.01,  -0.01, 272.6, 276.3,  27.7,  28.7,   2.4,  19.40,  21.22,     2.94,  180.75,   35.15,  14.10, 1086.3,    0.09,  270.24,  271.65,  266.53,  265.11,  273.02,  268.68, 1060.08, 1056.62, 1054.03, 1031.60, 1103.76, 1070.56,  968.55,  999.66,        ,        ,        ,         ,       ,       ,        ,        ,        ,    54.2,   0,  GPS,    2.3, 108.70, 108.70, 127.200, 122.800,       ,       ,       ,       ,       ,       ,   -6.8,      0,  NONE,   NONE,      ,      ,   0.0, 3DDiff, 3704,      ,     42,  70.5,     73
2026-03-23, 09:48:36,  -07:00,       ,   27.2518425,  -81.4137573,   163.7, 30.14,   143.4,  30.8,   0.00,   0.00,  -16.34,   1.58,   0.37,  -0.01,   0.01, 272.6, 276.3,  27.7,  28.7,   2.4,  19.40,  21.23,     2.95,  180.72,   35.15,  14.12, 1087.4,    0.09,  270.53,  271.96,  266.81,  265.38,  273.25,  269.06, 1060.00, 1057.03, 1053.97, 1031.44, 1104.29, 1070.72,  968.45,  999.58,        ,        ,        ,         ,       ,       ,        ,        ,        ,    54.2,   0,  GPS,    2.3, 108.70, 108.70, 127.200, 122.800,       ,       ,       ,       ,       ,       ,   -6.8,      0,  NONE,   NONE,      ,      ,   0.0, 3DDiff, 3704,      ,     42,  70.5,     73
2026-03-23, 09:48:37,  -07:00,       ,   27.2518406,  -81.4137573,   163.7, 30.14,   144.7,  30.8,   0.00,   0.00,  -29.97,   1.56,   0.40,  -0.01,  -0.01, 272.6, 276.3,  27.7,  28.7,   2.3,  19.39,  21.23,     2.93,  180.65,   35.13,  14.08, 1086.5,    0.09,  270.87,  272.21,  267.10,  265.66,  273.48,  269.36, 1059.80, 1057.41, 1055.19, 1031.14, 1105.74, 1071.50,  968.52, 1000.23,        ,        ,        ,         ,       ,       ,        ,        ,        ,    55.5,   0,  GPS,    2.3, 108.70, 108.70, 127.200, 122.800,       ,       ,       ,       ,       ,       ,   -6.8,      0,  NONE,   NONE,      ,      ,   0.0, 3DDiff, 3704,      ,     42,  70.5,     73
2026-03-23, 09:48:38,  -07:00,       ,   27.2518406,  -81.4137573,   163.7, 30.14,   144.8,  30.8,   0.00,   0.00,  -26.44,   1.59,   0.40,  -0.01,  -0.01, 272.6, 276.3,  27.7,  28.7,   2.3,  19.39,  21.24,     2.92,  180.60,   35.14,  14.11, 1085.9,    0.09,  271.17,  272.48,  267.36,  265.92,  273.70,  269.68, 1061.75, 1057.68, 1055.37, 1030.91, 1106.99, 1070.89,  968.56, 1001.07,        ,        ,        ,         ,       ,       ,        ,        ,        ,    55.5,   0,  GPS,    2.3, 108.70, 108.70, 127.200, 122.800,       ,       ,       ,       ,       ,       ,   -6.8,      0,  NONE,   NONE,      ,      ,   0.0, 3DDiff, 3704,      ,     42,  70.0,     72
2026-03-23, 09:48:39,  -07:00,       ,   27.2518406,  -81.4137573,   163.7, 30.14,   144.7,  30.8,   0.00,   0.00,  -10.33,   1.59,   0.40,  -0.00,  -0.01, 272.6, 276.3,  27.7,  28.7,   2.2,  19.38,  21.24,     2.94,  180.57,   35.12,  14.11, 1088.2,    0.09,  271.50,  272.78,  267.65,  266.19,  273.92,  270.05, 1062.62, 1057.68, 1055.27, 1032.35, 1108.61, 1070.91,  968.94, 1001.66,        ,        ,        ,         ,       ,       ,        ,        ,        ,    55.5,   0,  GPS,    2.3, 108.70, 108.70, 127.200, 122.800,       ,       ,       ,       ,       ,       ,   -6.8,      0,  NONE,   NONE,      ,      ,   0.0, 3DDiff, 3704,      ,     42,  70.0,     72
2026-03-23, 09:48:40,  -07:00,       ,   27.2518406,  -81.4137573,   162.7, 30.14,   144.9,  30.8,   0.00,   0.00,  -26.78,   1.61,   0.38,  -0.01,  -0.00, 272.6, 276.3,  27.7,  28.7,   2.2,  19.39,  21.22,     2.95,  180.54,   35.18,  14.10, 1089.3,    0.09,  271.79,  273.03,  267.91,  266.48,  274.14,  270.35, 1061.45, 1057.75, 1056.79, 1032.05, 1107.43, 1071.90,  969.38, 1001.77,        ,        ,        ,         ,       ,       ,        ,        ,        ,    55.7,   0,  GPS,    2.3, 108.70, 108.70, 127.200, 122.800,       ,       ,       ,       ,       ,       ,   -6.8,      0,  NONE,   NONE,      ,      ,   0.0, 3DDiff, 3704,      ,     42,  70.5,     72
2026-03-23, 09:48:41,  -07:00,       ,   27.2518406,  -81.4137573,   162.7, 30.14,   145.0,  30.8,   0.00,   0.00,  -29.80,   1.63,   0.38,  -0.01,  -0.01, 272.6, 276.3,  27.7,  28.7,   2.2,  19.39,  21.22,     2.93,  180.51,   35.15,  14.10, 1084.8,    0.09,  272.10,  273.29,  268.20,  266.72,  274.36,  270.67, 1061.33, 1058.89, 1057.88, 1032.81, 1108.43, 1074.82,  970.66, 1002.48,        ,        ,        ,         ,       ,       ,        ,        ,        ,    55.8,   0,  GPS,    2.3, 108.70, 108.70, 127.200, 122.800,       ,       ,       ,       ,       ,       ,   -6.8,      0,  NONE,   NONE,      ,      ,   0.0, 3DDiff, 3704,      ,     42,  70.5,     72
2026-03-23, 09:48:42,  -07:00,       ,   27.2518425,  -81.4137573,   163.7, 30.14,   144.8,  30.8,   0.00,   0.00,    0.50,   1.60,   0.38,  -0.01,  -0.01, 272.6, 276.3,  27.7,  28.7,   2.2,  19.39,  21.22,     2.93,  180.49,   35.06,  14.11, 1085.3,    0.09,  272.41,  273.55,  268.45,  266.99,  274.56,  270.98, 1060.95, 1058.66, 1056.94, 1033.56, 1109.04, 1076.75,  971.24, 1002.15,        ,        ,        ,         ,       ,       ,        ,        ,        ,    55.6,   0,  GPS,    2.3, 108.70, 108.70, 127.200, 122.800,       ,       ,       ,       ,       ,       ,   -6.8,      0,  NONE,   NONE,      ,      ,   0.0, 3DDiff, 3704,      ,     42,  70.5,     72
2026-03-23, 09:48:43,  -07:00,       ,   27.2518425,  -81.4137573,   163.7, 30.14,   143.6,  30.8,   0.00,   0.00,    7.15,   1.60,   0.40,  -0.00,  -0.00, 272.6, 276.3,  27.7,  28.7,   2.2,  19.39,  21.22,     2.95,  180.48,   35.13,  14.09, 1087.2,    0.09,  272.72,  273.82,  268.73,  267.25,  274.79,  271.28, 1060.18, 1058.02, 1056.25, 1033.58, 1108.93, 1076.26,  971.20, 1001.69,        ,        ,        ,         ,       ,       ,        ,        ,        ,    54.3,   0,  GPS,    2.3, 108.70, 108.70, 127.200, 122.800,       ,       ,       ,       ,       ,       ,   -6.8,      0,  NONE,   NONE,      ,      ,   0.0, 3DDiff, 3704,      ,     42,  70.5,     72
2026-03-23, 09:48:44,  -07:00,       ,   27.2518425,  -81.4137573,   163.7, 30.14,   143.1,  30.8,   0.00,   0.00,  -14.48,   1.60,   0.41,  -0.01,  -0.01, 272.6, 276.3,  27.7,  28.7,   2.1,  19.39,  21.23,     2.92,  180.50,   35.00,  14.18, 1081.5,    0.09,  273.02,  274.07,  268.99,  267.52,  275.00,  271.58, 1061.32, 1058.39, 1057.69, 1034.64, 1109.98, 1075.86,  971.36, 1003.07,        ,        ,        ,         ,       ,       ,        ,        ,        ,    53.9,   0,  GPS,    2.3, 108.70, 108.70, 127.200, 122.800,       ,       ,       ,       ,       ,       ,   -6.8,      0,  NONE,   NONE,      ,      ,   0.0, 3DDiff, 3704,      ,     42,  70.0,     72
2026-03-23, 09:48:45,  -07:00,       ,   27.2518425,  -81.4137573,   163.7, 30.14,   143.0,  30.8,   0.00,   0.00,  -14.42,   1.61,   0.41,  -0.01,  -0.00, 272.6, 276.3,  27.7,  28.7,   2.1,  19.39,  21.24,     2.91,  180.53,   35.06,  14.08, 1088.7,    0.09,  273.33,  274.36,  269.26,  267.77,  275.21,  271.94, 1061.51, 1058.52, 1057.11, 1035.49, 1108.61, 1075.17,  971.39, 1003.22,        ,        ,        ,         ,       ,       ,        ,        ,        ,    53.8,   0,  GPS,    2.3, 108.70, 108.70, 127.200, 122.800,       ,       ,       ,       ,       ,       ,   -6.8,      0,  NONE,   NONE,      ,      ,   0.0, 3DDiff, 3704,      ,     42,  70.0,     72
2026-03-23, 09:48:46,  -07:00,       ,   27.2518444,  -81.4137573,   163.7, 30.14,   142.3,  30.8,   0.00,   0.00,    5.58,   1.60,   0.41,  -0.01,   0.00, 272.6, 276.3,  27.7,  28.7,   2.1,  19.39,  21.24,     2.91,  180.54,   35.19,  14.07, 1090.1,    0.09,  273.63,  274.58,  269.52,  268.03,  275.41,  272.20, 1061.78, 1057.57, 1055.90, 1035.37, 1108.52, 1074.21,  970.81, 1003.38,        ,        ,        ,         ,       ,       ,        ,        ,        ,    53.0,   0,  GPS,    2.3, 108.70, 108.70, 127.200, 122.800,       ,       ,       ,       ,       ,       ,   -6.8,      0,  NONE,   NONE,      ,      ,   0.0, 3DDiff, 3704,      ,     39,  51.0,     68
2026-03-23, 09:48:47,  -07:00,       ,   27.2518444,  -81.4137573,   164.7, 30.14,   141.9,  30.8,   0.00,   0.00,    8.70,   1.61,   0.40,  -0.00,  -0.00, 272.6, 276.3,  27.7,  28.7,   2.0,  19.39,  21.24,     2.92,  180.57,   35.08,  14.11, 1086.7,    0.09,  273.94,  274.82,  269.79,  268.28,  275.63,  272.52, 1062.75, 1058.34, 1057.41, 1037.40, 1108.81, 1075.00,  971.26, 1004.23,        ,        ,        ,         ,       ,       ,        ,        ,        ,    52.6,   0,  GPS,    2.3, 108.70, 108.70, 127.200, 122.800,       ,       ,       ,       ,       ,       ,   -6.8,      0,  NONE,   NONE,      ,      ,   0.0, 3DDiff, 3704,      ,     38,  44.0,     68
2026-03-23, 09:48:48,  -07:00,       ,   27.2518444,  -81.4137573,   163.7, 30.14,   141.9,  30.5,   0.00,   0.00,    1.24,   1.60,   0.41,  -0.01,   0.00, 272.6, 276.3,  27.7,  28.7,   2.0,  19.39,  21.24,     2.93,  180.62,   35.15,  14.09, 1088.5,    0.09,  274.23,  275.07,  270.03,  268.53,  275.82,  272.81, 1062.03, 1057.74, 1057.13, 1037.94, 1109.04, 1074.65,  971.63, 1004.45,        ,        ,        ,         ,       ,       ,        ,        ,        ,    52.6,   0,  GPS,    2.3, 108.70, 108.70, 127.200, 122.800,       ,       ,       ,       ,       ,       ,   -6.8,      0,  NONE,   NONE,      ,      ,   0.0, 3DDiff, 3704,      ,     38,  41.5,     67
2026-03-23, 09:48:49,  -07:00,       ,   27.2518444,  -81.4137650,   164.7, 30.14,   142.8,  30.5,   0.00,   0.00,    2.54,   1.64,   0.40,  -0.01,  -0.00, 272.6, 276.3,  27.7,  28.7,   2.0,  19.40,  21.25,     2.91,  180.66,   34.73,  14.20, 1070.2,    0.09,  274.55,  275.33,  270.29,  268.76,  276.03,  273.11, 1062.95, 1058.25, 1056.89, 1037.93, 1109.12, 1075.09,  972.14, 1004.98,        ,        ,        ,         ,       ,       ,        ,        ,        ,    53.6,   0,  GPS,    2.3, 108.70, 108.70, 127.200, 122.800,       ,       ,       ,       ,       ,       ,   -6.8,      0,  NONE,   NONE,      ,      ,   3.9, 3DDiff, 3704,      ,     38,  40.5,     66
2026-03-23, 09:48:50,  -07:00,       ,   27.2518444,  -81.4137650,   163.7, 30.14,   143.1,  30.5,   0.00,   0.00,  -10.10,   1.61,   0.40,   0.00,   0.00, 272.6, 276.3,  27.7,  28.7,   2.0,  19.40,  21.25,     2.91,  180.67,   33.86,  14.55, 1048.5,    0.09,  274.85,  275.58,  270.54,  269.03,  276.22,  273.42, 1064.16, 1057.57, 1055.76, 1036.74, 1106.12, 1074.66,  972.58, 1004.73,        ,        ,        ,         ,       ,       ,        ,        ,        ,    53.8,   0,  GPS,    2.3, 108.70, 108.70, 127.200, 122.800,       ,       ,       ,       ,       ,       ,   -6.8,      0,  NONE,   NONE,      ,      ,   0.0, 3DDiff, 3704,      ,     37,  40.0,     66
2026-03-23, 09:48:51,  -07:00,       ,   27.2518444,  -81.4137650,   163.7, 30.14,   142.7,  30.5,   0.00,   0.00,  -20.01,   1.60,   0.40,  -0.01,   0.00, 272.6, 276.3,  27.7,  28.7,   2.0,  19.39,  21.26,     2.89,  180.68,   33.55,  14.60, 1048.2,    0.09,  275.16,  275.84,  270.80,  269.26,  276.41,  273.74, 1066.55, 1057.00, 1055.42, 1034.81, 1106.30, 1073.44,  972.41, 1005.48,        ,        ,        ,         ,       ,       ,        ,        ,        ,    53.5,   0,  GPS,    2.3, 108.70, 108.70, 127.200, 122.800,       ,       ,       ,       ,       ,       ,   -6.8,      0,  NONE,   NONE,      ,      ,   3.9, 3DDiff, 3704,      ,     37,  39.0,     66
2026-03-23, 09:48:52,  -07:00,       ,   27.2518444,  -81.4137650,   163.7, 30.14,   142.8,  30.5,   0.00,   0.00,   -6.79,   1.60,   0.41,  -0.01,  -0.00, 272.6, 276.3,  27.7,  28.7,   2.0,  19.38,  21.26,     2.86,  180.66,   33.45,  14.60, 1049.0,    0.09,  275.44,  276.05,  271.05,  269.52,  276.62,  274.00, 1067.59, 1056.24, 1054.38, 1033.14, 1107.04, 1073.34,  971.96, 1005.54,        ,        ,        ,         ,       ,       ,        ,        ,        ,    53.6,   0,  GPS,    2.3, 108.70, 108.70, 127.200, 122.800,       ,       ,       ,       ,       ,       ,   -6.8,      0,  NONE,   NONE,      ,      ,   0.0, 3DDiff, 3704,      ,     37,  39.0,     66
2026-03-23, 09:48:53,  -07:00,       ,   27.2518444,  -81.4137650,   164.7, 30.14,   142.9,  30.5,   0.00,   0.00,   -3.13,   1.58,   0.41,   0.00,  -0.00, 272.6, 276.3,  27.7,  28.7,   1.9,  19.38,  21.26,     2.88,  180.67,   33.51,  14.53, 1052.8,    0.09,  275.76,  276.32,  271.30,  269.76,  276.81,  274.33, 1067.79, 1054.66, 1055.10, 1032.29, 1108.01, 1071.74,  971.69, 1005.94,        ,        ,        ,         ,       ,       ,        ,        ,        ,    53.7,   0,  GPS,    2.3, 108.70, 108.70, 127.200, 122.800,       ,       ,       ,       ,       ,       ,   -6.8,      0,  NONE,   NONE,      ,      ,   0.0, 3DDiff, 3704,      ,     37,  38.5,     66
2026-03-23, 09:48:54,  -07:00,       ,   27.2518444,  -81.4137650,   164.7, 30.14,   142.8,  30.5,   0.00,   0.00,   -2.13,   1.58,   0.40,   0.01,   0.01, 272.6, 276.3,  27.7,  28.7,   1.9,  19.39,  21.26,     2.87,  180.66,   33.55,  14.53, 1052.8,    0.09,  276.05,  276.53,  271.55,  269.99,  276.99,  274.58, 1066.92, 1054.93, 1055.34, 1032.80, 1108.18, 1071.92,  972.49, 1005.81,        ,        ,        ,         ,       ,       ,        ,        ,        ,    53.6,   0,  GPS,    2.3, 108.70, 108.70, 127.200, 122.800,       ,       ,       ,       ,       ,       ,   -6.8,      0,  NONE,   NONE,      ,      ,   0.0, 3DDiff, 3704,      ,     37,  38.5,     66
2026-03-23, 09:48:55,  -07:00,       ,   27.2518444,  -81.4137650,   163.7, 30.14,   141.5,  30.5,   0.00,   0.00,   -9.75,   1.58,   0.38,  -0.01,  -0.01, 272.6, 276.3,  27.7,  28.7,   1.9,  19.39,  21.26,     2.89,  180.67,   33.52,  14.53, 1053.2,    0.09,  276.36,  276.77,  271.81,  270.23,  277.20,  274.88, 1066.46, 1055.44, 1056.01, 1032.09, 1108.51, 1070.60,  972.25, 1004.89,        ,        ,        ,         ,       ,       ,        ,        ,        ,    52.2,   0,  GPS,    2.3, 108.70, 108.70, 127.200, 122.800,       ,       ,       ,       ,       ,       ,   -6.8,      0,  NONE,   NONE,      ,      ,   0.0, 3DDiff, 3704,      ,     37,  38.5,     66
2026-03-23, 09:48:56,  -07:00,       ,   27.2518463,  -81.4137650,   163.7, 30.14,   141.0,  30.5,   0.00,   0.00,  -15.03,   1.58,   0.37,   0.01,   0.01, 272.6, 276.3,  27.7,  28.7,   1.9,  19.40,  21.27,     2.88,  180.67,   33.49,  14.55, 1051.6,    0.09,  276.65,  277.01,  272.05,  270.47,  277.39,  275.17, 1067.57, 1054.96, 1056.11, 1031.49, 1109.10, 1070.71,  972.12, 1004.91,        ,        ,        ,         ,       ,       ,        ,        ,        ,    51.8,   0,  GPS,    2.3, 108.70, 108.70, 127.200, 122.800,       ,       ,       ,       ,       ,       ,   -6.8,      0,  NONE,   NONE,      ,      ,   0.0, 3DDiff, 3704,      ,     37,  38.5,     66
2026-03-23, 09:48:57,  -07:00,       ,   27.2518463,  -81.4137650,   164.7, 30.14,   140.7,  30.5,   0.00,   0.00,   -1.05,   1.58,   0.38,  -0.02,  -0.01, 272.6, 276.3,  27.7,  28.7,   1.9,  19.40,  21.27,     2.88,  180.68,   33.38,  14.55, 1048.2,    0.09,  276.96,  277.27,  272.31,  270.70,  277.59,  275.50, 1068.27, 1055.25, 1055.72, 1031.11, 1109.65, 1069.56,  972.42, 1005.27,        ,        ,        ,         ,       ,       ,        ,        ,        ,    51.5,   0,  GPS,    2.3, 108.70, 108.70, 127.200, 122.800,       ,       ,       ,       ,       ,       ,   -6.8,      0,  NONE,   NONE,      ,      ,   3.9, 3DDiff, 3704,      ,     37,  38.0,     66
2026-03-23, 09:48:58,  -07:00,       ,   27.2518463,  -81.4137650,   164.7, 30.14,   140.6,  30.5,   0.00,   0.00,    2.03,   1.58,   0.37,  -0.01,  -0.01, 272.6, 276.3,  27.7,  28.7,   1.9,  19.41,  21.26,     2.87,  180.67,   33.34,  14.57, 1049.4,    0.09,  277.24,  277.48,  272.55,  270.94,  277.76,  275.75, 1070.74, 1054.84, 1055.07, 1030.07, 1108.63, 1068.44,  972.22, 1005.44,        ,        ,        ,         ,       ,       ,        ,        ,        ,    51.4,   0,  GPS,    2.3, 108.70, 108.70, 127.200, 122.800,       ,       ,       ,       ,       ,       ,   -6.8,      0,  NONE,   NONE,      ,      ,   0.0, 3DDiff, 3704,      ,     37,  38.0,     66
2026-03-23, 09:48:59,  -07:00,       ,   27.2518463,  -81.4137650,   164.7, 30.14,   140.4,  30.5,   0.00,   0.00,    0.76,   1.58,   0.37,   0.01,  -0.00, 272.6, 276.3,  27.7,  28.7,   1.8,  19.41,  21.25,     2.89,  180.63,   33.28,  14.59, 1047.0,    0.09,  277.56,  277.71,  272.80,  271.16,  277.95,  276.05, 1069.51, 1053.93, 1055.42, 1030.12, 1108.97, 1068.02,  971.69, 1005.30,        ,        ,        ,         ,       ,       ,        ,        ,        ,    51.1,   0,  GPS,    2.3, 108.70, 108.70, 127.200, 122.800,       ,       ,       ,       ,       ,       ,   -6.8,      0,  NONE,   NONE,      ,      ,   0.0, 3DDiff, 3704,      ,     37,  38.0,     66
2026-03-23, 09:49:00,  -07:00,       ,   27.2518463,  -81.4137650,   164.7, 30.14,   140.4,  30.5,   0.00,   0.00,   -6.25,   1.59,   0.40,  -0.03,   0.00, 272.6, 276.3,  27.7,  28.7,   1.8,  19.42,  21.24,     2.89,  180.59,   33.24,  14.62, 1046.5,    0.09,  277.84,  277.93,  273.03,  271.39,  278.14,  276.33, 1068.73, 1054.29, 1056.12, 1032.24, 1109.66, 1073.80,  972.81, 1005.46,        ,        ,        ,         ,       ,       ,        ,        ,        ,    51.1,   0,  GPS,    2.3, 108.70, 108.70, 127.200, 122.800,       ,       ,       ,       ,       ,       ,   -6.8,      0,  NONE,   NONE,      ,      ,   3.9, 3DDiff, 3704,      ,     37,  38.0,     66
2026-03-23, 09:49:01,  -07:00,       ,   27.2518463,  -81.4137650,   164.7, 30.14,   141.8,  30.5,   0.00,   0.00,   -4.40,   1.57,   0.41,  -0.02,  -0.00, 272.6, 276.3,  27.7,  28.7,   1.8,  19.42,  21.24,     2.88,  180.55,   33.37,  14.53, 1050.7,    0.09,  278.13,  278.19,  273.28,  271.62,  278.33,  276.65, 1068.60, 1054.96, 1058.09, 1033.08, 1109.09, 1073.57,  973.43, 1005.65,        ,        ,        ,         ,       ,       ,        ,        ,        ,    52.5,   0,  GPS,    2.3, 108.70, 108.70, 127.200, 122.800,       ,       ,       ,       ,       ,       ,   -6.8,      0,  NONE,   NONE,      ,      ,   0.0, 3DDiff, 3704,      ,     37,  38.0,     66
2026-03-23, 09:49:02,  -07:00,       ,   27.2518463,  -81.4137650,   163.7, 30.14,   142.0,  30.5,   0.00,   0.00,  -23.70,   1.57,   0.41,  -0.01,   0.00, 272.6, 276.3,  27.7,  28.7,   1.8,  19.42,  21.24,     2.88,  180.51,   33.52,  14.51, 1054.3,    0.09,  278.42,  278.41,  273.52,  271.85,  278.52,  276.90, 1068.02, 1054.08, 1056.83, 1032.99, 1108.18, 1072.71,  973.40, 1004.17,        ,        ,        ,         ,       ,       ,        ,        ,        ,    52.8,   0,  GPS,    2.3, 108.70, 108.70, 127.200, 122.800,       ,       ,       ,       ,       ,       ,   -6.8,      0,  NONE,   NONE,      ,      ,   0.0, 3DDiff, 3704,      ,     37,  38.0,     65
2026-03-23, 09:49:03,  -07:00,       ,   27.2518463,  -81.4137650,   163.7, 30.14,   142.5,  30.5,   0.00,   0.00,  -26.97,   1.52,   0.41,  -0.01,  -0.01, 272.6, 276.3,  27.7,  28.7,   1.8,  19.42,  21.23,     2.91,  180.46,   33.58,  14.48, 1054.6,    0.09,  278.72,  278.65,  273.77,  272.08,  278.71,  277.21, 1069.31, 1054.40, 1057.42, 1032.39, 1110.21, 1072.42,  973.10, 1005.58,        ,        ,        ,         ,       ,       ,        ,        ,        ,    53.3,   0,  GPS,    2.3, 108.70, 108.70, 127.200, 122.800,       ,       ,       ,       ,       ,       ,   -6.8,      0,  NONE,   NONE,      ,      ,   0.0, 3DDiff, 3704,      ,     37,  37.5,     65
2026-03-23, 09:49:04,  -07:00,       ,   27.2518463,  -81.4137650,   163.7, 30.14,   142.7,  30.8,   0.00,   0.00,  -18.50,   1.53,   0.40,  -0.00,  -0.00, 272.5, 276.3,  27.7,  28.7,   1.8,  19.41,  21.23,     2.92,  180.46,   33.61,  14.50, 1054.1,    0.09,  279.00,  278.87,  274.00,  272.31,  278.91,  277.47, 1069.52, 1055.20, 1058.19, 1032.01, 1110.89, 1070.62,  973.11, 1005.93,        ,        ,        ,         ,       ,       ,        ,        ,        ,    53.4,   0,  GPS,    2.3, 108.70, 108.70, 127.200, 122.800,       ,       ,       ,       ,       ,       ,   -6.8,      0,  NONE,   NONE,      ,      ,   0.0, 3DDiff, 3704,      ,     37,  37.5,     65
2026-03-23, 09:49:05,  -07:00,       ,   27.2518463,  -81.4137650,   163.7, 30.14,   142.9,  30.5,   0.00,   0.00,  -14.23,   1.54,   0.41,  -0.01,  -0.00, 272.5, 276.3,  27.7,  28.7,   1.8,  19.42,  21.23,     2.91,  180.47,   33.63,  14.48, 1056.8,    0.09,  279.30,  279.08,  274.24,  272.52,  279.10,  277.74, 1068.46, 1053.52, 1057.62, 1032.38, 1110.53, 1070.34,  972.98, 1005.43,        ,        ,        ,         ,       ,       ,        ,        ,        ,    53.7,   0,  GPS,    2.3, 108.70, 108.70, 127.200, 122.800,       ,       ,       ,       ,       ,       ,   -6.8,      0,  NONE,   NONE,      ,      ,   0.0, 3DDiff, 3704,      ,     37,  37.5,     65
2026-03-23, 09:49:06,  -07:00,       ,   27.2518463,  -81.4137650,   162.7, 30.14,   143.0,  30.8,   0.00,   0.00,  -25.38,   1.54,   0.43,  -0.00,   0.01, 272.6, 276.3,  27.8,  28.7,   1.7,  19.42,  21.24,     2.91,  180.47,   33.81,  14.47, 1057.2,    0.09,  279.57,  279.29,  274.47,  272.76,  279.28,  278.02, 1071.27, 1053.16, 1057.34, 1031.91, 1111.35, 1070.43,  973.12, 1006.65,        ,        ,        ,         ,       ,       ,        ,        ,        ,    53.8,   0,  GPS,    2.3, 108.70, 108.70, 127.200, 122.800,       ,       ,       ,       ,       ,       ,   -6.8,      0,  NONE,   NONE,      ,      ,  -3.9, 3DDiff, 3704,      ,     37,  37.5,     65
2026-03-23, 09:49:07,  -07:00,       ,   27.2518463,  -81.4137650,   162.7, 30.14,   141.5,  30.8,   0.00,   0.00,  -27.93,   1.54,   0.43,   0.00,  -0.00, 272.6, 276.3,  27.8,  28.7,   1.7,  19.43,  21.24,     2.90,  180.46,   33.82,  14.50, 1056.5,    0.09,  279.88,  279.52,  274.72,  272.96,  279.47,  278.30, 1072.55, 1053.19, 1057.63, 1031.20, 1110.43, 1069.36,  972.85, 1007.74,        ,        ,        ,         ,       ,       ,        ,        ,        ,    52.3,   0,  GPS,    2.3, 108.70, 108.70, 127.200, 122.800,       ,       ,       ,       ,       ,       ,   -6.8,      0,  NONE,   NONE,      ,      ,   0.0, 3DDiff, 3704,      ,     37,  37.5,     65
2026-03-23, 09:49:08,  -07:00,       ,   27.2518463,  -81.4137650,   162.7, 30.14,   141.1,  30.8,   0.00,   0.00,  -20.44,   1.54,   0.41,  -0.00,  -0.01, 272.5, 276.3,  27.8,  28.7,   1.7,  19.43,  21.24,     2.87,  180.46,   33.76,  14.51, 1054.3,    0.09,  280.15,  279.75,  274.95,  273.19,  279.65,  278.59, 1072.74, 1054.28, 1058.13, 1031.43, 1110.06, 1068.50,  973.76, 1008.10,        ,        ,        ,         ,       ,       ,        ,        ,        ,    51.9,   0,  GPS,    2.3, 108.70, 108.70, 127.200, 122.800,       ,       ,       ,       ,       ,       ,   -6.8,      0,  NONE,   NONE,      ,      ,   0.0, 3DDiff, 3704,      ,     37,  37.5,     65
2026-03-23, 09:49:09,  -07:00,       ,   27.2518463,  -81.4137650,   163.7, 30.14,   140.7,  30.8,   0.00,   0.00,    3.17,   1.54,   0.43,  -0.01,  -0.01, 272.6, 276.3,  27.8,  28.7,   1.7,  19.43,  21.24,     2.87,  180.48,   33.69,  14.50, 1054.6,    0.09,  280.44,  279.97,  275.19,  273.40,  279.85,  278.88, 1072.22, 1054.03, 1058.31, 1030.75, 1109.71, 1067.87,  973.74, 1007.73,        ,        ,        ,         ,       ,       ,        ,        ,        ,    51.5,   0,  GPS,    2.3, 108.70, 108.70, 127.200, 122.800,       ,       ,       ,       ,       ,       ,   -6.8,      0,  NONE,   NONE,      ,      ,   0.0, 3DDiff, 3704,      ,     37,  37.5,     65
2026-03-23, 09:49:10,  -07:00,       ,   27.2518463,  -81.4137650,   162.7, 30.14,   140.7,  30.8,   0.00,   0.00,   -3.13,   1.51,   0.44,  -0.01,  -0.01, 272.6, 276.3,  27.8,  28.7,   1.7,  19.42,  21.24,     2.84,  180.50,   33.69,  14.50, 1056.2,    0.09,  280.69,  280.18,  275.42,  273.63,  280.03,  279.13, 1073.60, 1054.14, 1057.73, 1031.34, 1109.35, 1068.44,  974.66, 1007.68,        ,        ,        ,         ,       ,       ,        ,        ,        ,    51.5,   0,  GPS,    2.3, 108.70, 108.70, 127.200, 122.800,       ,       ,       ,       ,       ,       ,   -6.8,      0,  NONE,   NONE,      ,      ,   0.0, 3DDiff, 3704,      ,     37,  37.5,     65
2026-03-23, 09:49:11,  -07:00,       ,   27.2518463,  -81.4137650,   162.7, 30.14,   140.6,  30.8,   0.00,   0.00,  -19.50,   1.54,   0.45,  -0.01,  -0.00, 272.6, 276.3,  27.8,  28.7,   1.7,  19.42,  21.24,     2.83,  180.54,   33.66,  14.50, 1056.5,    0.09,  280.98,  280.40,  275.66,  273.83,  280.25,  279.40, 1074.31, 1055.51, 1060.91, 1031.92, 1111.07, 1069.67,  975.63, 1009.41,        ,        ,        ,         ,       ,       ,        ,        ,        ,    51.4,   0,  GPS,    2.3, 108.70, 108.70, 127.200, 122.800,       ,       ,       ,       ,       ,       ,   -6.8,      0,  NONE,   NONE,      ,      ,   0.0, 3DDiff, 3704,      ,     37,  37.5,     65
2026-03-23, 09:49:12,  -07:00,       ,   27.2518463,  -81.4137650,   163.7, 30.14,   140.5,  30.8,   0.00,   0.00,   -2.62,   1.74,   0.49,  -0.00,  -0.00, 271.9, 276.3,  27.8,  28.7,   1.7,  19.41,  21.22,     2.81,  180.59,   33.68,  14.48, 1059.4,    0.09,  281.26,  280.61,  275.89,  274.05,  280.42,  279.66, 1076.11, 1055.92, 1062.41, 1033.02, 1111.84, 1070.59,  975.95, 1010.95,        ,        ,        ,         ,       ,       ,        ,        ,        ,    51.3,   0,  GPS,    2.3, 108.70, 108.70, 127.200, 122.800,       ,       ,       ,       ,       ,       ,   -6.8,      0,  NONE,   NONE,      ,      ,   0.0, 3DDiff, 3704,      ,     37,  37.5,     65
2026-03-23, 09:49:13,  -07:00,       ,   27.2518463,  -81.4137726,   164.7, 30.14,   141.6,  30.8,   0.00,   0.00,   19.14,   1.64,   0.46,  -0.03,  -0.00, 269.5, 276.3,  27.8,  28.7,   1.7,  19.39,  21.23,     2.82,  180.64,   33.93,  14.50, 1064.4,    0.09,  281.54,  280.80,  276.14,  274.25,  280.63,  279.92, 1076.26, 1058.68, 1064.03, 1034.63, 1113.43, 1070.95,  977.82, 1011.39,        ,        ,        ,         ,       ,       ,        ,        ,        ,    52.3,   0,  GPS,    2.3, 108.70, 108.70, 127.200, 122.800,       ,       ,       ,       ,       ,       ,   -6.8,      0,  NONE,   NONE,      ,      ,   0.0, 3DDiff, 3704,      ,     37,  37.5,     65
2026-03-23, 09:49:14,  -07:00,       ,   27.2518463,  -81.4137726,   163.7, 30.14,   142.0,  30.8,   0.00,   0.00,    4.76,   1.42,   0.08,   0.01,  -0.01, 264.4, 276.3,  27.8,  28.7,   1.6,  19.35,  21.23,     2.86,  180.72,   34.50,  14.55, 1081.2,    0.09,  281.80,  281.03,  276.38,  274.48,  280.81,  280.20, 1079.93, 1061.26, 1064.61, 1037.06, 1117.28, 1072.72,  979.94, 1014.28,        ,        ,        ,         ,       ,       ,        ,        ,        ,    52.8,   0,  GPS,    2.3, 108.70, 108.70, 127.200, 122.800,       ,       ,       ,       ,       ,       ,   -6.8,      0,  NONE,   NONE,      ,      ,   3.9, 3DDiff, 3704,      ,     37,  37.5,     65
2026-03-23, 09:49:15,  -07:00,       ,   27.2518444,  -81.4137802,   163.7, 30.14,   142.2,  30.8,   0.00,   0.00,   -3.02,   1.47,   0.04,  -0.00,  -0.02, 259.9, 276.3,  27.8,  28.7,   1.6,  19.28,  21.21,     2.89,  180.80,   34.47,  14.55, 1078.0,    0.09,  282.10,  281.23,  276.61,  274.68,  281.01,  280.48, 1083.03, 1063.06, 1066.74, 1038.28, 1119.32, 1075.88,  981.22, 1017.29,        ,        ,        ,         ,       ,       ,        ,        ,        ,    53.0,   0,  GPS,    2.3, 108.70, 108.70, 127.200, 122.800,       ,       ,       ,       ,       ,       ,   -6.8,      0,  NONE,   NONE,      ,      ,   3.9, 3DDiff, 3704,      ,     36,  37.5,     64
2026-03-23, 09:49:16,  -07:00,       ,   27.2518425,  -81.4137802,   163.7, 30.14,   142.3,  30.8,   0.00,   0.00,   -5.40,   1.52,  -0.14,  -0.01,  -0.01, 251.3, 276.3,  27.8,  28.7,   1.7,  19.16,  21.22,     2.89,  180.85,   34.72,  14.49, 1081.6,    0.09,  282.35,  281.44,  276.86,  274.90,  281.21,  280.71, 1083.47, 1066.05, 1067.87, 1040.88, 1119.00, 1077.24,  983.34, 1018.22,        ,        ,        ,         ,       ,       ,        ,        ,        ,    53.1,   0,  GPS,    2.3, 108.70, 108.70, 127.200, 122.800,       ,       ,       ,       ,       ,       ,   -6.8,      0,  NONE,   NONE,      ,      ,   3.9, 3DDiff, 3704,      ,     36,  37.5,     65
2026-03-23, 09:49:17,  -07:00,       ,   27.2518406,  -81.4137878,   163.7, 30.14,   142.5,  30.8,   0.00,   0.00,   -9.77,   1.80,   0.13,  -0.02,  -0.02, 243.0, 276.3,  27.8,  28.7,   1.7,  19.04,  21.20,     2.88,  180.92,   34.66,  14.48, 1079.4,    0.09,  282.64,  281.66,  277.08,  275.10,  281.41,  280.99, 1085.16, 1066.38, 1069.66, 1043.35, 1119.10, 1076.24,  983.68, 1019.47,        ,        ,        ,         ,       ,       ,        ,        ,        ,    53.3,   0,  GPS,    2.3, 108.70, 108.70, 127.200, 122.800,       ,       ,       ,       ,       ,       ,   -6.8,      0,  NONE,   NONE,      ,      ,   3.9, 3DDiff, 3704,      ,     37,  37.5,     65
2026-03-23, 09:49:18,  -07:00,       ,   27.2518368,  -81.4137878,   161.7, 30.14,   142.7,  30.8,   0.00,   0.93,  -42.37,   1.41,  -0.25,  -0.02,   0.00, 232.0, 276.3,  27.8,  28.7,   1.6,  18.99,  21.19,     2.90,  180.95,   34.69,  14.54, 1077.3,    0.09,  282.90,  281.85,  277.34,  275.32,  281.59,  281.24, 1086.67, 1068.62, 1071.69, 1043.80, 1119.98, 1076.24,  985.11, 1021.64,        ,        ,        ,         ,       ,       ,        ,        ,        ,    53.4,   0,  GPS,    2.3, 108.70, 108.70, 127.200, 122.800,       ,       ,       ,       ,       ,       ,   -6.8,      0,  NONE,   NONE,      ,      ,   0.0, 3DDiff, 3704,      ,     37,  37.5,     65
2026-03-23, 09:49:19,  -07:00,       ,   27.2518330,  -81.4137955,   160.7, 30.14,   141.6,  30.8,   0.00,   0.93,  -72.33,   1.56,  -0.16,  -0.01,   0.00, 219.3, 276.3,  27.8,  28.7,   1.6,  18.89,  21.15,     2.90,  181.00,   34.57,  14.58, 1073.9,    0.09,  283.19,  282.06,  277.60,  275.53,  281.81,  281.48, 1089.51, 1069.90, 1071.70, 1044.49, 1121.32, 1076.69,  985.85, 1023.57,        ,        ,        ,         ,       ,       ,        ,        ,        ,    52.3,   0,  GPS,    2.3, 108.70, 108.70, 127.200, 122.800,       ,       ,       ,       ,       ,       ,   -6.8,      0,  NONE,   NONE,      ,      ,  -3.9, 3DDiff, 3704,      ,     37,  37.5,     65
2026-03-23, 09:49:20,  -07:00,       ,   27.2518291,  -81.4137955,   160.7, 30.14,   140.6,  30.8,   0.00,   1.13,  -57.90,   1.44,  -0.08,   0.02,   0.01, 207.0, 276.3,  27.8,  28.7,   1.6,  18.86,  21.09,     2.90,  181.03,   34.44,  14.61, 1070.3,    0.09,  283.45,  282.27,  277.83,  275.73,  281.99,  281.75, 1089.56, 1071.05, 1072.78, 1045.16, 1121.79, 1075.93,  986.41, 1023.98,        ,        ,        ,         ,       ,       ,        ,        ,        ,    51.4,   0,  GPS,    2.3, 108.70, 108.70, 127.200, 122.800,       ,       ,       ,       ,       ,       ,   -6.8,      0,  NONE,   NONE,      ,      ,   0.0, 3DDiff, 3704,      ,     36,  37.5,     64
2026-03-23, 09:49:21,  -07:00,       ,   27.2518234,  -81.4137955,   159.7, 30.14,   140.4,  30.8,   0.00,   1.05,  -57.92,   1.51,   0.08,  -0.01,  -0.03, 197.0, 276.3,  27.7,  28.7,   1.6,  18.80,  21.01,     2.90,  181.10,   34.24,  14.67, 1063.9,    0.09,  283.74,  282.47,  278.09,  275.94,  282.21,  282.02, 1091.04, 1072.22, 1073.47, 1044.94, 1122.67, 1078.06,  987.68, 1025.17,        ,        ,        ,         ,       ,       ,        ,        ,        ,    51.1,   0,  GPS,    2.3, 108.70, 108.70, 127.200, 122.800,       ,       ,       ,       ,       ,       ,   -6.8,      0,  NONE,   NONE,      ,      ,   0.0, 3DDiff, 3704,      ,     36,  37.5,     64
2026-03-23, 09:49:22,  -07:00,       ,   27.2518196,  -81.4137955,   158.7, 30.14,   140.2,  30.8,   0.00,   0.00,  -69.87,   1.47,  -0.01,  -0.02,  -0.03, 190.8, 276.3,  27.7,  28.7,   1.6,  18.71,  20.95,     2.89,  181.18,   33.85,  14.75, 1057.5,    0.09,  283.99,  282.69,  278.33,  276.15,  282.40,  282.27, 1090.24, 1071.33, 1072.65, 1045.13, 1121.53, 1078.18,  987.71, 1024.17,        ,        ,        ,         ,       ,       ,        ,        ,        ,    51.0,   0,  GPS,    2.3, 108.70, 108.70, 127.200, 122.800,       ,       ,       ,       ,       ,       ,   -6.8,      0,  NONE,   NONE,      ,      ,   0.0, 3DDiff, 3704,      ,     36,  37.5,     64
2026-03-23, 09:49:23,  -07:00,       ,   27.2518177,  -81.4137955,   158.7, 30.14,   140.0,  30.8,   0.00,   0.00,  -57.30,   1.11,  -0.05,   0.01,  -0.01, 187.1, 276.3,  27.7,  28.7,   1.6,  18.71,  20.92,     2.89,  181.31,   33.56,  14.82, 1054.0,    0.09,  284.29,  282.89,  278.58,  276.35,  282.63,  282.55, 1092.33, 1070.84, 1073.24, 1044.25, 1122.56, 1077.09,  987.34, 1025.37,        ,        ,        ,         ,       ,       ,        ,        ,        ,    50.8,   0,  GPS,    2.3, 108.70, 108.70, 127.200, 122.800,       ,       ,       ,       ,       ,       ,   -6.8,      0,  NONE,   NONE,      ,      ,   3.9, 3DDiff, 3704,      ,     37,  37.5,     65
2026-03-23, 09:49:24,  -07:00,       ,   27.2518139,  -81.4137955,   157.7, 30.14,   139.9,  30.8,   0.00,   0.00,  -37.38,   1.26,  -0.16,  -0.00,  -0.00, 184.5, 276.3,  27.7,  28.7,   1.6,  18.64,  20.91,     2.89,  181.47,   33.57,  14.98, 1062.7,    0.10,  284.54,  283.12,  278.81,  276.56,  282.81,  282.82, 1093.64, 1070.58, 1076.18, 1043.17, 1123.60, 1077.83,  987.69, 1027.67,        ,        ,        ,         ,       ,       ,        ,        ,        ,    50.6,   0,  GPS,    2.3, 108.70, 108.70, 127.200, 122.800,       ,       ,       ,       ,       ,       ,   -6.8,      0,  NONE,   NONE,      ,      ,   0.0, 3DDiff, 3704,      ,     37,  37.5,     65
2026-03-23, 09:49:25,  -07:00,       ,   27.2518139,  -81.4137955,   158.7, 30.14,   143.7,  30.8,   0.00,   0.00,  -24.91,   1.24,  -0.19,   0.00,  -0.02, 180.5, 276.3,  27.8,  28.7,   1.6,  18.63,  20.95,     2.98,  181.69,   34.44,  15.38, 1097.1,    0.11,  284.82,  283.32,  279.07,  276.77,  283.03,  283.09, 1094.85, 1071.91, 1079.42, 1045.91, 1126.15, 1079.08,  988.95, 1029.66,        ,        ,        ,         ,       ,       ,        ,        ,        ,    54.4,   0,  GPS,    2.3, 108.70, 108.70, 127.200, 122.800,       ,       ,       ,       ,       ,       ,   -6.8,      0,  NONE,   NONE,      ,      ,   0.0, 3DDiff, 3704,      ,     36,  37.0,     60
2026-03-23, 09:49:26,  -07:00,       ,   27.2518101,  -81.4137955,   157.7, 30.14,   145.0,  30.8,   0.00,   0.00,  -27.17,   1.45,  -0.13,  -0.00,  -0.01, 178.0, 276.3,  27.8,  28.7,   1.6,  18.58,  20.95,     3.29,  181.89,   36.75,  16.27, 1171.4,    0.12,  285.08,  283.52,  279.33,  276.99,  283.25,  283.32, 1106.52, 1082.10, 1090.05, 1055.67, 1137.70, 1086.07,  998.72, 1042.74,        ,        ,        ,         ,       ,       ,        ,        ,        ,    55.8,   0,  GPS,    2.3, 108.70, 108.70, 127.200, 122.800,       ,       ,       ,       ,       ,       ,   -6.8,      0,  NONE,   NONE,      ,      ,   0.0, 3DDiff, 3704,      ,     36,  37.0,     60
2026-03-23, 09:49:27,  -07:00,       ,   27.2518063,  -81.4137955,   159.7, 30.14,   145.5,  30.8,   0.00,   0.00,    7.82,   1.38,  -0.13,  -0.01,  -0.02, 175.5, 276.3,  27.8,  28.7,   1.5,  18.57,  20.99,     3.50,  182.20,   38.57,  15.83, 1230.1,    0.13,  285.37,  283.75,  279.56,  277.19,  283.47,  283.61, 1119.61, 1094.17, 1105.02, 1068.76, 1149.59, 1097.98, 1010.25, 1060.17,        ,        ,        ,         ,       ,       ,        ,        ,        ,    56.3,   0,  GPS,    2.3, 108.70, 108.70, 127.200, 122.800,       ,       ,       ,       ,       ,       ,   -6.8,      0,  NONE,   NONE,      ,      ,   0.0, 3DDiff, 3704,      ,     36,  37.0,     60
2026-03-23, 09:49:28,  -07:00,       ,   27.2518005,  -81.4137955,   160.7, 30.14,   145.6,  30.8,   0.00,   1.15,   47.41,   1.33,  -0.02,  -0.02,  -0.02, 172.0, 276.3,  27.8,  28.7,   1.5,  18.49,  21.05,     3.60,  182.48,   39.28,  15.72, 1235.6,    0.13,  285.64,  283.93,  279.81,  277.41,  283.69,  283.85, 1128.98, 1105.33, 1117.06, 1076.98, 1161.24, 1107.46, 1019.96, 1072.29,        ,        ,        ,         ,       ,       ,        ,        ,        ,    56.4,   0,  GPS,    2.3, 108.70, 108.70, 127.200, 122.800,       ,       ,       ,       ,       ,       ,   -6.8,      0,  NONE,   NONE,      ,      ,   0.0, 3DDiff, 3704,      ,     36,  37.0,     60
2026-03-23, 09:49:29,  -07:00,       ,   27.2517948,  -81.4137878,   161.7, 30.14,   145.8,  30.8,   0.00,   1.52,   68.13,   1.08,  -0.37,   0.04,   0.01, 168.8, 276.3,  27.8,  28.7,   1.5,  18.51,  21.09,     3.63,  182.78,   39.55,  15.67, 1239.8,    0.13,  285.91,  284.16,  280.08,  277.61,  283.94,  284.12, 1134.78, 1114.25, 1124.44, 1084.24, 1168.23, 1115.00, 1027.07, 1080.72,        ,        ,        ,         ,       ,       ,        ,        ,        ,    56.6,   0,  GPS,    2.3, 108.70, 108.70, 127.200, 122.800,       ,       ,       ,       ,       ,       ,   -6.8,      0,  NONE,   NONE,      ,      ,   3.9, 3DDiff, 3704,      ,     36,  37.0,     60
2026-03-23, 09:49:30,  -07:00,       ,   27.2517872,  -81.4137878,   163.7, 30.14,   145.6,  30.8,   0.00,   1.52,   68.37,   1.05,  -0.11,  -0.02,   0.03, 167.3, 276.3,  27.8,  28.7,   1.6,  18.44,  21.11,     3.66,  183.05,   39.55,  15.77, 1231.3,    0.13,  286.18,  284.39,  280.33,  277.82,  284.18,  284.43, 1138.84, 1120.33, 1129.20, 1090.21, 1173.44, 1119.83, 1032.59, 1086.35,        ,        ,        ,         ,       ,       ,        ,        ,        ,    56.4,   0,  GPS,    2.3, 108.70, 108.70, 127.200, 122.800,       ,       ,       ,       ,       ,       ,   -6.8,      0,  NONE,   NONE,      ,      ,   0.0, 3DDiff, 3704,      ,     36,  37.0,     60
2026-03-23, 09:49:31,  -07:00,       ,   27.2517796,  -81.4137802,   161.7, 30.14,   145.4,  30.5,   0.00,   1.77,   18.15,   1.03,  -0.14,   0.00,  -0.01, 165.3, 276.3,  27.8,  28.7,   1.5,  18.43,  21.15,     3.65,  183.22,   39.52,  15.83, 1227.1,    0.13,  286.46,  284.61,  280.60,  278.03,  284.44,  284.69, 1142.17, 1125.95, 1135.06, 1094.68, 1177.88, 1123.94, 1037.09, 1092.02,        ,        ,        ,         ,       ,       ,        ,        ,        ,    56.2,   0,  GPS,    2.3, 108.70, 108.70, 127.200, 122.800,       ,       ,       ,       ,       ,       ,   -6.8,      0,  NONE,   NONE,      ,      ,   0.0, 3DDiff, 3704,      ,     36,  37.0,     60
2026-03-23, 09:49:32,  -07:00,       ,   27.2517681,  -81.4137726,   162.7, 30.14,   143.8,  30.8,   0.00,   2.39,    0.17,   1.30,   0.02,   0.00,   0.01, 162.9, 163.8,  27.8,  28.7,   1.5,  18.38,  21.20,     3.65,  183.37,   39.56,  15.69, 1234.9,    0.13,  286.73,  284.85,  280.87,  278.26,  284.70,  284.99, 1145.00, 1131.88, 1139.86, 1099.32, 1182.43, 1128.08, 1041.83, 1096.12,        ,        ,        ,         ,       ,       ,        ,        ,        ,    54.5,   0,  GPS,    2.3, 108.70, 108.70, 127.200, 122.800,       ,       ,       ,       ,       ,       ,   -6.8,      0,  NONE,   NONE,      ,      ,   0.0, 3DDiff, 3704,      ,     36,  37.0,     60
2026-03-23, 09:49:33,  -07:00,       ,   27.2517548,  -81.4137650,   160.7, 30.14,   143.5,  30.8,   0.00,   3.11,  -22.12,   1.61,   0.10,  -0.05,   0.00, 157.6, 160.6,  27.7,  28.7,   1.5,  18.37,  21.25,     3.33,  183.53,   38.52,  14.24, 1154.0,    0.10,  287.01,  285.10,  281.16,  278.49,  284.98,  285.30, 1141.73, 1131.50, 1138.66, 1097.51, 1180.64, 1127.89, 1041.46, 1093.74,        ,        ,        ,         ,       ,       ,        ,        ,        ,    54.3,   0,  GPS,    2.3, 108.70, 108.70, 127.200, 122.800,       ,       ,       ,       ,       ,       ,   -6.8,      0,  NONE,   NONE,      ,      ,   0.0, 3DDiff, 3704,      ,     36,  37.0,     60
2026-03-23, 09:49:34,  -07:00,       ,   27.2517452,  -81.4137573,   161.7, 30.14,   143.5,  30.8,   0.00,   2.88,  -28.78,   0.52,  -0.71,  -0.01,   0.01, 148.6, 152.1,  27.7,  28.7,   1.5,  18.41,  21.20,     3.13,  183.62,   36.84,  14.54, 1115.2,    0.10,  287.27,  285.32,  281.47,  278.73,  285.26,  285.58, 1134.57, 1126.43, 1130.49, 1093.79, 1173.27, 1122.08, 1037.11, 1084.32,        ,        ,        ,         ,       ,       ,        ,        ,        ,    54.2,   0,  GPS,    2.3, 108.70, 108.70, 127.200, 122.800,       ,       ,       ,       ,       ,       ,   -6.8,      0,  NONE,   NONE,      ,      ,   3.9, 3DDiff, 3704,      ,     36,  37.0,     60
2026-03-23, 09:49:35,  -07:00,       ,   27.2517376,  -81.4137497,   163.7, 30.14,   143.2,  30.8,   0.00,   2.35,   26.06,   0.79,  -0.51,  -0.01,  -0.01, 135.9, 140.2,  27.7,  28.7,   1.5,  18.39,  21.11,     3.03,  183.68,   35.91,  14.65, 1107.2,    0.10,  287.56,  285.57,  281.77,  278.95,  285.54,  285.89, 1130.52, 1123.15, 1124.12, 1089.73, 1166.92, 1116.96, 1033.76, 1077.03,        ,        ,        ,         ,       ,       ,        ,        ,        ,    54.0,   0,  GPS,    2.3, 108.70, 108.70, 127.200, 122.800,       ,       ,       ,       ,       ,       ,   -6.8,      0,  NONE,   NONE,      ,      ,   0.0, 3DDiff, 3704,      ,     36,  37.0,     60
2026-03-23, 09:49:36,  -07:00,       ,   27.2517319,  -81.4137421,   163.7, 30.14,   143.3,  30.8,   0.00,   2.08,   26.01,   0.83,  -0.19,  -0.05,  -0.06, 120.3, 125.5,  27.7,  28.7,   1.5,  18.32,  20.98,     3.01,  183.67,   35.51,  14.67, 1105.1,    0.10,  287.83,  285.81,  282.08,  279.19,  285.80,  286.19, 1126.73, 1119.80, 1121.12, 1084.97, 1162.37, 1112.59, 1030.54, 1072.57,        ,        ,        ,         ,       ,       ,        ,        ,        ,    54.1,   0,  GPS,    2.3, 108.70, 108.70, 127.200, 122.800,       ,       ,       ,       ,       ,       ,   -6.8,      0,  NONE,   NONE,      ,      ,   0.0, 3DDiff, 3704,      ,     36,  37.0,     60
2026-03-23, 09:49:37,  -07:00,       ,   27.2517319,  -81.4137344,   165.7, 30.14,   143.8,  30.8,   0.00,   1.67,   48.13,   1.94,   0.10,  -0.03,  -0.03, 101.8, 123.6,  27.7,  28.7,   1.5,  18.31,  20.77,     2.98,  183.62,   35.20,  14.74, 1098.3,    0.10,  288.13,  286.07,  282.40,  279.43,  286.08,  286.53, 1124.80, 1118.27, 1117.45, 1082.50, 1159.12, 1110.03, 1029.18, 1068.90,        ,        ,        ,         ,       ,       ,        ,        ,        ,    54.6,   0,  GPS,    2.3, 108.70, 108.70, 127.200, 122.800,       ,       ,       ,       ,       ,       ,   -6.8,      0,  NONE,   NONE,      ,      ,   0.0, 3DDiff, 3704,      ,     36,  37.0,     60
2026-03-23, 09:49:38,  -07:00,       ,   27.2517319,  -81.4137268,   167.7, 30.14,   145.3,  30.8,   0.00,   1.57,   86.81,   1.99,   0.00,  -0.01,   0.00,  81.9, 123.6,  27.7,  28.7,   1.5,  18.20,  20.57,     2.99,  183.55,   35.35,  14.69, 1108.2,    0.10,  288.38,  286.32,  282.72,  279.69,  286.34,  286.81, 1124.82, 1117.60, 1114.46, 1080.64, 1156.13, 1106.82, 1028.45, 1067.21,        ,        ,        ,         ,       ,       ,        ,        ,        ,    56.1,   0,  GPS,    2.3, 108.70, 108.70, 127.200, 122.800,       ,       ,       ,       ,       ,       ,   -6.8,      0,  NONE,   NONE,      ,      ,   0.0, 3DDiff, 3704,      ,     36,  37.0,     60
2026-03-23, 09:49:39,  -07:00,       ,   27.2517376,  -81.4137192,   165.7, 30.14,   145.8,  30.8,   0.00,   1.42,   45.42,   1.43,  -0.73,  -0.02,  -0.02,  61.3, 123.6,  27.7,  28.7,   1.5,  18.13,  20.28,     2.98,  183.43,   35.58,  14.62, 1113.0,    0.10,  288.66,  286.55,  283.04,  279.92,  286.61,  287.09, 1124.03, 1116.13, 1113.35, 1079.36, 1154.85, 1105.33, 1027.19, 1065.85,        ,        ,        ,         ,       ,       ,        ,        ,        ,    56.6,   0,  GPS,    2.3, 108.70, 108.70, 127.200, 122.800,       ,       ,       ,       ,       ,       ,   -6.8,      0,  NONE,   NONE,      ,      ,   3.9, 3DDiff, 3704,      ,     36,  37.0,     60
2026-03-23, 09:49:40,  -07:00,       ,   27.2517433,  -81.4137192,   161.7, 30.14,   146.1,  30.8,   0.00,   1.42,  -77.09,   1.10,  -0.68,   0.03,   0.01,  42.4, 123.6,  27.8,  28.7,   1.4,  18.07,  20.04,     2.99,  183.29,   36.46,  14.33, 1140.2,    0.10,  288.92,  286.79,  283.35,  280.16,  286.88,  287.37, 1123.97, 1115.82, 1113.66, 1077.94, 1154.42, 1104.13, 1025.55, 1065.23,        ,        ,        ,         ,       ,       ,        ,        ,        ,    56.8,   0,  GPS,    2.3, 108.70, 108.70, 127.200, 122.800,       ,       ,       ,       ,       ,       ,   -6.8,      0,  NONE,   NONE,      ,      ,   0.0, 3DDiff, 3704,      ,     36,  37.0,     60
2026-03-23, 09:49:41,  -07:00,       ,   27.2517471,  -81.4137115,   161.7, 30.14,   146.4,  30.8,   0.00,   0.99,  -96.15,   0.87,  -0.56,   0.01,  -0.03,  31.3, 123.6,  27.8,  28.7,   1.4,  18.02,  19.85,     3.01,  183.11,   37.00,  14.35, 1140.9,    0.10,  289.21,  287.06,  283.67,  280.41,  287.14,  287.70, 1126.84, 1115.28, 1115.32, 1077.76, 1155.24, 1104.46, 1024.74, 1066.01,        ,        ,        ,         ,       ,       ,        ,        ,        ,    57.1,   0,  GPS,    2.3, 108.70, 108.70, 127.200, 122.800,       ,       ,       ,       ,       ,       ,   -6.8,      0,  NONE,   NONE,      ,      ,   0.0, 3DDiff, 3704,      ,     36,  37.0,     60
2026-03-23, 09:49:42,  -07:00,       ,   27.2517490,  -81.4137115,   162.7, 30.14,   146.5,  30.8,   0.00,   0.00,  -52.34,   0.98,  -0.47,   0.01,  -0.03,  28.1, 123.6,  27.8,  28.7,   1.4,  17.94,  19.78,     3.15,  183.00,   37.62,  15.60, 1179.2,    0.11,  289.47,  287.30,  283.97,  280.66,  287.39,  287.98, 1132.66, 1116.08, 1119.49, 1079.89, 1160.64, 1105.83, 1025.85, 1070.51,        ,        ,        ,         ,       ,       ,        ,        ,        ,    57.2,   0,  GPS,    2.3, 108.70, 108.70, 127.200, 122.800,       ,       ,       ,       ,       ,       ,   -6.8,      0,  NONE,   NONE,      ,      ,   0.0, 3DDiff, 3704,      ,     36,  37.0,     60
2026-03-23, 09:49:43,  -07:00,       ,   27.2517509,  -81.4137115,   162.7, 30.14,   146.1,  30.8,   0.00,   0.00,  -13.99,   0.70,  -0.44,  -0.00,  -0.02,  25.8, 123.6,  27.8,  28.7,   1.5,  17.86,  19.83,     3.73,  182.92,   39.51,  16.78, 1302.2,    0.14,  289.76,  287.53,  284.29,  280.89,  287.67,  288.23, 1143.20, 1131.27, 1134.33, 1092.76, 1176.55, 1119.12, 1039.60, 1089.60,        ,        ,        ,         ,       ,       ,        ,        ,        ,    56.8,   0,  GPS,    2.3, 108.70, 108.70, 127.200, 122.800,       ,       ,       ,       ,       ,       ,   -6.8,      0,  NONE,   NONE,      ,      ,   0.0, 3DDiff, 3704,      ,     36,  37.0,     60
2026-03-23, 09:49:44,  -07:00,       ,   27.2517567,  -81.4137115,   162.7, 30.14,   144.9,  30.8,   0.00,   0.00,    5.79,   0.82,  -0.32,   0.02,  -0.02,  24.9, 123.6,  27.7,  28.7,   1.5,  17.81,  19.93,     3.22,  182.90,   38.14,  12.68, 1145.2,    0.09,  290.02,  287.77,  284.58,  281.14,  287.92,  288.52, 1142.77, 1137.67, 1139.40, 1098.51, 1179.13, 1124.43, 1046.79, 1097.74,        ,        ,        ,         ,       ,       ,        ,        ,        ,    55.7,   0,  GPS,    2.3, 108.70, 108.70, 127.200, 122.800,       ,       ,       ,       ,       ,       ,   -6.8,      0,  NONE,   NONE,      ,      ,   0.0, 3DDiff, 3704,      ,     36,  37.0,     60
2026-03-23, 09:49:45,  -07:00,       ,   27.2517605,  -81.4137115,   160.7, 30.14,   144.3,  30.8,   0.00,   0.00,  -41.31,   0.76,  -0.38,   0.01,  -0.01,  23.5, 123.6,  27.7,  28.7,   1.4,  17.75,  20.04,     2.68,  182.81,   32.17,  13.42,  951.9,    0.07,  290.29,  288.05,  284.90,  281.38,  288.19,  288.86, 1123.83, 1123.69, 1124.04, 1079.11, 1159.98, 1112.05, 1034.31, 1081.46,        ,        ,        ,         ,       ,       ,        ,        ,        ,    55.0,   0,  GPS,    2.3, 108.70, 108.70, 127.200, 122.800,       ,       ,       ,       ,       ,       ,   -6.8,      0,  NONE,   NONE,      ,      ,  -3.9, 3DDiff, 3704,      ,     36,  37.0,     60
2026-03-23, 09:49:46,  -07:00,       ,   27.2517605,  -81.4137115,   160.7, 30.14,   144.1,  30.8,   0.00,   0.00,  -53.50,   0.83,  -0.37,   0.00,   0.00,  23.5, 123.6,  27.7,  28.7,   1.4,  17.71,  20.16,     2.45,  182.66,   29.43,  13.73,  934.7,    0.06,  290.55,  288.28,  285.19,  281.63,  288.44,  289.13, 1110.39, 1109.09, 1106.63, 1072.44, 1143.78, 1101.56, 1026.04, 1066.40,        ,        ,        ,         ,       ,       ,        ,        ,        ,    54.9,   0,  GPS,    2.3, 108.70, 108.70, 127.200, 122.800,       ,       ,       ,       ,       ,       ,   -6.8,      0,  NONE,   NONE,      ,      ,  -3.9, 3DDiff, 3704,      ,     36,  37.0,     60
2026-03-23, 09:49:47,  -07:00,       ,   27.2517605,  -81.4137115,   160.7, 30.14,   144.2,  30.8,   0.00,   0.00,  -34.37,   0.76,  -0.41,   0.01,  -0.01,  23.5, 123.6,  27.7,  28.7,   1.4,  17.64,  20.29,     2.38,  182.48,   28.37,  13.71,  932.7,    0.06,  290.83,  288.52,  285.50,  281.87,  288.68,  289.38, 1098.36, 1096.90, 1090.35, 1064.52, 1131.04, 1092.24, 1018.56, 1053.32,        ,        ,        ,         ,       ,       ,        ,        ,        ,    55.0,   0,  GPS,    2.3, 108.70, 108.70, 127.200, 122.800,       ,       ,       ,       ,       ,       ,   -6.8,      0,  NONE,   NONE,      ,      ,   0.0, 3DDiff, 3704,      ,     36,  37.0,     60
2026-03-23, 09:49:48,  -07:00,       ,   27.2517605,  -81.4137115,   160.7, 30.14,   144.2,  30.8,   0.00,   0.00,  -13.40,   0.75,  -0.42,  -0.01,  -0.00,  23.6, 123.6,  27.8,  28.7,   1.4,  17.60,  20.48,     2.36,  182.30,   28.14,  13.74,  936.8,    0.06,  291.09,  288.73,  285.78,  282.11,  288.88,  289.63, 1089.70, 1084.59, 1078.94, 1057.31, 1120.49, 1085.76, 1011.69, 1043.12,        ,        ,        ,         ,       ,       ,        ,        ,        ,    55.0,   0,  GPS,    2.3, 108.70, 108.70, 127.200, 122.800,       ,       ,       ,       ,       ,       ,   -6.8,      0,  NONE,   NONE,      ,      ,   0.0, 3DDiff, 3704,      ,     36,  37.0,     60
2026-03-23, 09:49:49,  -07:00,       ,   27.2517624,  -81.4137115,   160.7, 30.14,   145.1,  30.8,   0.00,   0.00,  -14.78,   0.69,  -0.44,   0.01,   0.00,  23.6, 123.6,  27.8,  28.7,   1.4,  17.54,  20.62,     2.36,  182.14,   28.22,  13.68,  944.4,    0.06,  291.36,  288.98,  286.06,  282.34,  289.12,  289.91, 1081.54, 1075.23, 1066.20, 1049.04, 1110.90, 1080.51, 1006.08, 1033.76,        ,        ,        ,         ,       ,       ,        ,        ,        ,    55.9,   0,  GPS,    2.3, 108.70, 108.70, 127.200, 122.800,       ,       ,       ,       ,       ,       ,   -6.8,      0,  NONE,   NONE,      ,      ,   0.0, 3DDiff, 3704,      ,     36,  37.0,     60
2026-03-23, 09:49:50,  -07:00,       ,   27.2517586,  -81.4137115,   160.7, 30.14,   146.1,  30.8,   0.00,   0.00,  -11.30,   0.68,  -0.45,  -0.00,  -0.01,  23.6, 123.6,  27.8,  28.7,   1.4,  17.51,  20.76,     2.38,  182.05,   28.43,  13.63,  948.4,    0.06,  291.60,  289.20,  286.32,  282.57,  289.31,  290.14, 1074.83, 1065.61, 1057.12, 1043.56, 1101.97, 1072.00, 1000.80, 1026.37,        ,        ,        ,         ,       ,       ,        ,        ,        ,    56.9,   0,  GPS,    2.3, 108.70, 108.70, 127.200, 122.800,       ,       ,       ,       ,       ,       ,   -6.8,      0,  NONE,   NONE,      ,      ,   0.0, 3DDiff, 3704,      ,     36,  37.0,     60
2026-03-23, 09:49:51,  -07:00,       ,   27.2517586,  -81.4137115,   160.7, 30.14,   146.6,  30.8,   0.00,   0.00,  -10.29,   0.65,  -0.45,   0.02,   0.01,  23.7, 123.6,  27.8,  28.7,   1.4,  17.48,  20.92,     2.41,  181.98,   26.78,  14.91,  876.7,    0.07,  291.86,  289.40,  286.58,  282.79,  289.51,  290.35, 1066.78, 1053.75, 1043.92, 1032.15, 1080.98, 1059.37,  991.62, 1014.93,        ,        ,        ,         ,       ,       ,        ,        ,        ,    57.3,   0,  GPS,    2.3, 108.70, 108.70, 127.200, 122.800,       ,       ,       ,       ,       ,       ,   -6.8,      0,  NONE,   NONE,      ,      ,   0.0, 3DDiff, 3704,      ,     36,  37.0,     60
2026-03-23, 09:49:52,  -07:00,       ,   27.2517586,  -81.4137115,   160.7, 30.14,   146.6,  30.8,   0.00,   0.00,  -16.47,   0.62,  -0.46,   0.00,  -0.01,  23.6, 123.6,  27.8,  28.7,   1.4,  17.46,  21.08,     2.42,  181.89,   27.60,  13.87,  938.3,    0.07,  292.11,  289.59,  286.83,  283.02,  289.69,  290.56, 1061.36, 1044.05, 1035.14, 1024.13, 1073.06, 1052.14,  983.86, 1006.76,        ,        ,        ,         ,       ,       ,        ,        ,        ,    57.4,   0,  GPS,    2.3, 108.70, 108.70, 127.200, 122.800,       ,       ,       ,       ,       ,       ,   -6.8,      0,  NONE,   NONE,      ,      ,   0.0, 3DDiff, 3704,      ,     36,  37.0,     60
2026-03-23, 09:49:53,  -07:00,       ,   27.2517586,  -81.4137115,   161.7, 30.14,   146.7,  30.8,   0.00,   0.00,    3.43,   0.58,  -0.48,   0.01,   0.00,  23.4, 123.6,  27